rows,text,date,number,type
10,1,0,2,columnPacked
5,2,0,0,pie
9,1,0,4,column
4,1,0,4,column
8,1,0,0,line
4,1,0,4,column
6,1,0,5,scatter
12,5,0,0,columnStacked
6,1,0,2,column
1,1,0,5,line
8,1,0,2,line
8,1,0,2,column
12,2,0,2,grid
4,1,0,2,pyramid
9,5,0,0,grid
9,5,0,0,grid
333,0,1,3,stockLine
442,0,1,2,stockLine
14,1,0,2,scatter
94,1,0,2,line
65,2,0,1,line
691,1,0,0,line
19,2,0,3,columnStacked
22,2,0,4,grid
21,1,0,0,line
144,1,1,0,stockLine
5,1,0,4,columnPacked
122,1,0,0,scatter
34,1,0,0,barStacked
6,1,0,0,columnPacked
8,1,0,0,columnPacked
6,1,0,4,pie
54,0,0,2,line
47,0,0,0,line
7,2,0,0,pie
4,1,0,0,pie
11,2,0,1,columnStacked
3,1,0,8,line
3,1,0,2,columnPacked
6,1,0,2,columnPacked
2,1,0,3,line
8,1,0,5,line
4,1,0,5,line
4,1,0,2,line
4,1,0,4,columnPacked
6,1,0,2,columnPacked
13,1,0,3,line
3,1,0,4,columnPacked
54,0,0,0,line
13,1,0,3,line
8,1,0,3,columnPacked
7,1,0,3,pie
11,0,1,2,line
10,1,0,0,grid
19,1,0,0,grid
11,3,0,0,grid
3,1,0,4,column
4,1,0,1,pie
3,3,0,0,grid
6,4,0,0,grid
1,1,0,50,line
10,8,0,0,grid
8,1,0,2,line
7,1,0,6,dualAxis
4,1,0,4,grid
70,0,1,0,stockLine
69,1,0,2,area
9,1,0,1,column
30,0,1,5,stockLine
8,2,0,1,columnPacked
11,2,1,6,area
1,1,0,3,pie
132,1,0,5,areaStacked
2,1,0,3,pie
39,3,0,0,grid
26,1,0,0,columnStacked
4,1,0,4,column
7,3,0,0,grid
54,1,1,4,column
38,0,0,2,column
49,0,0,5,line
67,1,0,1,column
7,1,0,1,columnPacked
23,1,0,1,columnPacked
7,2,0,17,columnStacked
2,1,0,2,bar
13,1,0,4,line
6,1,0,3,columnStacked
12,1,0,2,area
11,1,0,2,dualAxis
10,1,0,1,column
5,1,0,2,columnPacked
5,1,0,4,grid
55,2,0,0,line
5,1,0,4,columnPacked
6,1,0,3,columnPacked
3,1,0,1,column
5,1,0,1,column
5,1,0,1,column
9,2,0,0,column
6,1,0,0,pie
10,1,0,0,pie
10,1,0,1,column
7,1,0,1,column
4,1,0,2,columnPacked
7,1,0,0,pie
38,4,0,1,grid
5,2,0,0,column
5,1,0,1,pie
2,1,0,0,pie
6,1,0,3,pie
4,1,0,0,pie
4,1,0,0,pie
11,1,0,3,columnPacked
17,1,0,1,line
3,2,0,1,donut
3,2,0,1,stockSpline
4,1,0,11,columnPacked
1,1,0,8,barPacked
7,1,0,1,columnPacked
3,1,0,8,column
7,1,0,1,columnPacked
5,1,0,3,columnStacked
67,0,0,5,line
7,1,0,5,stockLine
2,1,0,2,pie
7,2,0,2,column
3,1,0,2,column
2,1,0,5,line
5,1,0,5,line
3,1,0,31,line
9,2,0,4,columnPacked
5,1,0,2,column
50,1,0,10,line
1,0,0,5,bar
1,2,0,12,bar
5,1,0,9,columnStacked
46,0,0,3,line
18,1,0,0,barStacked
18,4,0,0,grid
67,0,1,0,stockLine
18,0,1,2,stockDualAxis
16,8,0,0,grid
4,1,0,4,line
6,1,0,2,columnStacked
6,1,0,1,column
98,0,1,2,stockLine
6,1,0,2,columnStacked
32,1,0,4,line
1,1,0,2,bar
59,1,0,3,line
6,1,0,1,column
4,1,0,1,pie
6,1,0,2,pie
28,0,0,5,line
5,1,0,0,columnPacked
1,1,0,2,bar
13,2,0,0,grid
1,1,0,3,bar
1,1,0,3,bar
1,1,0,3,bar
1,1,0,3,bar
55,0,0,3,line
101,0,0,7,areaStacked
55,0,0,3,line
10,1,0,2,line
8,1,0,4,dualAxis
1,1,0,9,columnStacked
2,1,0,5,scatterLine
21,3,0,2,pyramid
8,1,0,56,line
32,1,0,2,column
11,1,0,3,dualAxis
10,0,0,8,line
16,0,0,3,dualAxis
21,2,0,0,grid
55,0,0,3,line
32,1,0,2,scatterLine
2,1,0,1,pie
19,5,0,0,grid
13,4,0,0,grid
211,0,1,20,stockSpline
32,1,0,2,column
7,1,0,5,columnPacked
7,1,0,1,columnPacked
3,2,0,0,grid
400,1,0,2,scatter
1,1,0,2,bar
1,1,0,2,bar
2,1,0,7,column
2,1,0,7,column
2,1,0,7,column
2,1,0,7,column
2,1,0,7,column
2,1,0,7,column
2,1,0,7,column
2,1,0,7,column
2,1,0,7,column
2,1,0,7,column
2,1,0,7,column
36,1,0,4,line
3679,0,1,0,stockLine
14,3,0,3,columnStacked
29,2,0,3,columnStacked
21,4,0,0,grid
7,1,0,1,columnStacked
281,0,1,1,stockLine
5,3,0,1,column
25,1,0,3,grid
9,1,0,1,grid
10,2,0,1,column
210,0,1,1,stockLine
2,1,0,0,bar
63,0,1,6,stockLine
63,0,1,6,scatter
1,0,0,51,line
52,2,1,16,stockLine
224,0,1,2,stockLine
8,3,0,0,grid
335,0,1,2,stockLine
14,3,0,0,grid
282,0,1,1,stockLine
282,0,1,1,stockLine
4,1,0,0,column
8,8,0,2,grid
4,1,0,0,columnPacked
4,1,0,0,column
4,1,0,2,columnPacked
2,1,0,0,column
141,0,0,0,spline
167,2,0,2,scatter
11,1,0,12,column
5,4,0,0,grid
11,3,0,0,grid
3,3,0,0,grid
6,1,0,1,areaStacked
5,6,0,0,grid
3,5,0,0,grid
69,0,0,2,area
4,1,0,4,column
2,4,0,0,grid
90,0,0,2,scatter
4,1,0,4,column
3,1,0,0,barPacked
3679,0,1,0,stockLine
77,0,1,1,stockLine
4,1,0,4,column
3,2,0,6,column
14,3,0,0,grid
6,4,0,0,grid
331,0,1,2,stockDualAxis
1,0,1,4,pie
3,4,0,0,grid
10,1,0,1,bar
3,2,0,1,donut
55,0,0,3,line
18,1,0,2,pyramid
16,1,0,2,grid
12,2,1,16,stockLine
4,1,0,2,barStacked
6,5,0,0,grid
32,1,0,2,scatter
7,1,0,1,bar
55,0,0,3,line
8,4,0,0,grid
3,1,0,9,areaStacked
10,0,0,3,line
6,2,0,0,grid
2,1,0,1,pie
4,1,0,7,columnStacked
5,1,0,4,columnStacked
4,1,0,0,column
62,0,0,16,line
63,0,0,1,line
2,1,0,4,bar
1,1,0,35,line
17,3,0,0,barPacked
3,1,0,12,line
19,0,0,1,line
5,3,0,2,columnPacked
10,0,0,2,line
3,0,0,2,column
1,1,0,3,barPacked
4,1,0,2,columnPacked
3,1,0,2,columnPacked
2,1,0,2,column
5,1,0,2,column
1,1,0,10,line
6,1,0,2,pie
4,1,0,4,column
88,0,1,2,stockLine
11,4,0,0,grid
4,1,0,4,grid
5,1,0,5,column
45,4,0,1,grid
90,5,0,1,grid
9,1,0,1,bar
4,1,0,4,columnPacked
4,1,0,4,column
5,1,0,2,column
6,1,0,3,column
4,1,0,4,column
4,3,0,3,bar
3,1,0,1,bar
6,1,0,8,barStacked
10,1,0,8,barStacked
4,1,0,4,column
11,1,0,1,bar
7,1,0,1,line
13,0,0,3,line
40,0,0,2,line
10,1,0,2,spline
10,1,0,2,spline
5,1,0,1,pie
1,1,0,5,column
1,1,0,3,column
1,1,0,2,pie
4,1,0,2,columnPacked
1,1,0,4,column
1,1,0,3,column
4,8,0,7,column
4,8,0,7,barStacked
7,1,0,1,columnPacked
1,1,0,2,column
5,1,0,1,bar
1,1,0,4,column
1,1,0,2,column
14,3,0,0,grid
2,1,0,1,pie
4,1,0,6,columnPacked
1,1,0,6,column
1,1,0,2,column
3,1,0,0,column
-1,3,0,0,grid
1,0,0,51,line
3,1,0,2,line
7,2,0,0,grid
10,1,0,0,grid
36,3,0,0,grid
31,7,0,0,grid
18,4,0,0,grid
5,1,0,8,pie
4,2,0,4,line
4,2,0,4,area
4,1,0,4,column
36,3,0,0,grid
4,1,0,4,spline
4,1,0,6,barStacked
4,1,0,4,column
4,1,0,2,pie
10,1,0,0,column
1,1,0,8,column
12,1,0,2,bar
50,1,0,2,scatter
4,5,0,0,grid
12901,0,1,1,stockColumn
8,3,0,0,grid
7,1,0,1,column
3,1,0,2,column
13,1,0,1,column
12,1,0,1,column
6,2,0,0,grid
57,0,1,1,stockSpline
2,1,0,3,column
1,1,0,3,column
1,1,0,5,column
7,6,0,0,grid
5,6,0,1,pie
1,1,0,3,column
2,1,0,1,pie
3,1,0,4,column
187,2,0,3,scatter
8,0,0,4,line
3,2,0,4,column
10,1,0,2,columnPacked
6,3,0,0,grid
1,1,0,2,column
1,1,0,3,column
1,1,0,8,spline
10,1,0,2,spline
7,1,0,2,bar
3,1,0,2,column
1,1,0,4,column
2,1,0,2,scatter
1,1,0,5,column
9,1,0,1,column
60,0,0,2,line
34,3,0,0,grid
32,2,0,3,bubble
1138,2,1,16,grid
49,1,0,1,columnPacked
3,1,0,3,columnPacked
3,1,0,3,columnPacked
1647,9,0,1,columnPacked
3,1,0,6,pie
5,1,0,2,column
10,2,0,5,columnPacked
1,1,0,3,columnPacked
4,1,0,2,columnStacked
19,1,0,0,grid
5,0,0,4,line
6,0,0,4,line
6,0,0,4,line
6,0,0,2,line
6,0,0,3,line
9,1,0,2,pyramid
1,1,0,5,column
10,2,0,1,column
58,1,1,1,stockLine
7,2,0,2,columnPacked
12,1,0,2,area
4,1,0,3,column
4,1,0,4,column
4,1,0,4,column
11,2,0,0,bar
1,1,0,5,column
5,1,0,1,column
6,2,0,2,columnPacked
34,1,0,0,line
4,1,0,4,line
13,1,0,3,dualAxis
10,1,0,0,barStacked
13,1,0,0,areaStacked
10,1,0,0,pie
24,1,0,0,areaStacked
2,1,0,0,pie
6,1,0,1,pie
4,1,0,3,column
21,0,0,1,line
19,1,0,1,areaStep
21,0,0,1,line
11,1,0,0,bar
37,4,0,0,grid
167,2,0,2,scatter
20,1,0,0,bar
27,1,0,1,barStacked
26,7,0,0,column
10,2,0,0,line
9,3,0,0,grid
6,4,0,0,grid
4,6,0,0,grid
5,3,0,0,grid
4,2,0,0,grid
1191,0,1,1,stockLine
11,2,0,0,grid
75,4,1,0,stockLine
18,4,0,0,grid
9,1,0,1,bar
20,0,0,4,grid
8,1,0,2,grid
4,1,0,4,column
6,3,0,0,grid
12,21,0,0,column
4,1,0,3,column
7,1,0,2,column
4,1,0,4,column
5,1,0,2,area
26,1,0,0,columnStacked
11,1,0,2,line
12,2,0,1,barPacked
7,1,0,2,bar
6,5,0,0,grid
1,1,0,6,pie
2,1,0,8,barStacked
4,1,0,55,line
47,1,0,1,columnPacked
5,1,0,2,columnPacked
13,1,0,2,columnPacked
8,1,0,6,line
13,1,0,4,columnStacked
22,1,0,3,columnStacked
43,1,0,1,line
30,2,0,6,columnStacked
1,1,0,6,pie
47,3,0,4,columnPacked
9,1,0,19,line
12,1,0,2,columnPacked
1,1,0,8,column
20,1,0,1,bar
2,1,0,7,column
146,1,0,2,scatter
10,1,0,1,barStacked
8,2,0,2,columnPacked
277,0,1,1,stockLine
14,3,0,3,columnStacked
3,1,0,5,column
13,1,0,2,barPacked
6,1,0,0,columnPacked
48,0,1,2,stockDualAxis
9,1,0,29,line
4,1,0,2,barStacked
1,1,0,6,column
12,1,0,2,dualAxis
75,1,1,1,stockLine
321,0,1,2,dualAxis
5,1,0,6,columnPacked
5,0,0,5,line
167,2,0,2,scatter
13,1,0,2,barPacked
23,3,0,1,grid
2,1,0,4,pie
847,0,1,1,stockLine
187,3,0,2,dualAxis
5,1,0,3,columnStacked
11,0,0,2,line
2,1,0,2,pie
121,0,1,1,stockLine
4,2,0,3,pie
24,1,0,4,dualAxis
66,0,1,7,stockLine
32,1,0,3,column
69,2,0,4,columnStacked
1,1,0,15,column
55,0,0,3,line
16,0,0,3,scatterLine
2,1,1,2,column
7,1,0,4,bar
10,2,0,0,grid
9,1,0,1,pie
6,1,0,1,column
3,3,0,0,grid
12,1,0,1,bar
6,4,0,0,grid
4,2,0,0,column
2,1,0,2,columnPacked
4,1,0,4,grid
320,0,1,2,stockLine
7,1,0,0,pie
3,1,0,2,columnPacked
4,1,0,4,column
2,1,0,1,pie
54,0,1,4,stockLine
4,1,0,4,stockDualAxis
4,1,0,4,stockDualAxis
4,1,0,4,stockDualAxis
18,1,0,2,pyramid
23,11,1,1,stockDualAxis
561,0,1,1,stockLine
7,1,0,1,columnPacked
8,1,0,4,line
2,1,0,8,bar
11,1,0,2,dualAxis
29,1,0,5,line
87,1,1,3,line
4,1,0,5,column
18,1,0,4,line
1,1,0,0,line
15,4,0,0,grid
141,0,0,0,line
819,0,1,1,line
13,3,0,5,grid
1,1,0,8,bar
6,1,0,2,bar
7,2,0,1,line
5,1,0,1,line
7,1,0,2,column
5,1,0,5,column
7,1,0,10,barStacked
19,0,0,2,dualAxis
22,1,0,2,line
1,1,0,7,pie
6,1,0,1,bar
4,1,0,3,column
7,1,0,2,line
2,1,0,4,column
6,1,0,2,line
6,1,0,2,line
4,1,0,4,line
36,3,0,0,grid
12,0,0,7,columnPacked
2609,0,1,1,stockLine
23,0,0,2,line
3679,1,0,0,pie
561,0,1,2,pie
553,1,0,2,pie
4,1,0,4,column
9,3,0,0,grid
7,1,0,1,pie
4,1,0,4,grid
167,0,1,1,stockLine
25,0,0,3,stockLine
21,1,0,0,bar
23,1,0,3,column
10,1,0,2,bar
6,1,0,2,dualAxis
45,0,0,0,line
4,1,0,4,line
7,1,0,1,pie
11,1,0,1,pie
1,1,0,9,bar
8,2,0,1,pyramid
23,1,0,2,scatterLine
2,1,0,2,column
25,1,0,3,line
4,1,0,4,column
11,1,0,1,column
3,1,0,18,columnPacked
10,1,0,0,column
6,1,0,3,column
11,1,0,0,column
12,1,0,1,line
6,2,0,2,dualAxis
7,1,0,1,columnPacked
10,1,0,1,bar
10,0,1,1,column
10,1,1,0,line
3,2,0,1,donut
7,2,0,1,columnPacked
13,1,0,1,column
10,3,0,0,columnPacked
8,0,0,2,line
16,1,0,2,grid
7,1,0,6,column
4,1,0,7,columnStacked
65,0,1,5,stockLine
324,0,1,1,stockLine
3,2,0,2,column
16,1,0,2,grid
6,1,0,2,columnPacked
5,1,0,4,barStacked
65,0,1,5,stockLine
18,0,0,4,line
9,1,0,2,line
17,1,0,1,line
16,3,0,0,grid
10,2,0,0,grid
9,6,0,0,grid
3,1,0,6,barStacked
10,1,0,0,grid
12,1,0,2,columnStacked
4,1,0,4,column
4,0,0,7,line
13,1,0,5,line
21,0,1,3,line
7,1,0,3,barPacked
13,2,0,1,grid
42,0,0,0,areaStep
31,0,0,0,column
4,1,0,2,pie
4,1,0,4,column
4,1,0,4,column
4,1,0,4,column
4,1,0,4,column
16,2,0,3,grid
10,3,0,0,grid
4,1,0,4,pyramid
22,4,0,0,grid
23,4,0,0,grid
8,1,0,1,column
2,1,0,1,pie
100,0,0,0,dualAxis
4,1,0,4,column
4,1,0,4,column
48,1,0,0,line
840,0,1,1,stockLine
4,1,0,4,column
78,0,1,1,stockLine
4,1,0,4,column
121,0,1,1,stockLine
5,1,0,4,pie
5,1,0,4,pie
5,1,0,4,pie
5,1,0,4,pie
4,2,0,0,grid
22,0,0,2,line
2,1,0,2,columnPacked
13,1,0,1,bar
4,1,0,4,column
5,1,0,5,line
50,1,0,2,scatter
50,1,0,2,scatter
1,1,0,0,bar
50,1,0,2,scatter
38,1,0,2,scatter
50,1,0,2,scatter
50,1,0,2,scatter
9,1,0,1,column
42,1,0,1,column
2,1,0,2,column
81,0,0,0,line
7,6,0,0,grid
6,4,0,0,grid
7,1,0,1,pie
7,1,0,2,column
3,1,0,2,column
10,1,0,1,grid
3,1,0,1,pie
6,1,0,2,column
2,1,0,4,column
69,1,0,0,line
1,1,0,7,column
8,1,0,2,column
5,1,0,2,column
5,1,0,2,pie
1,1,0,2,pie
4,1,0,5,columnStacked
96,0,0,4,dualAxis
61,0,0,3,areaStep
11,1,0,2,dualAxis
31,0,1,3,line
5,2,0,1,pie
11,1,0,0,areaStacked
11,1,0,0,line
4,1,0,0,columnPacked
3,1,0,2,column
14,1,0,1,column
14,1,0,2,bar
16,1,0,4,line
3,1,0,1,bar
56,1,0,2,scatter
18,1,0,2,scatter
496,0,1,3,stockLine
73,0,0,6,line
877,0,1,2,line
64,1,0,3,line
145,0,1,2,column
6,1,0,8,dualAxis
15,0,0,2,areaStacked
5,1,0,0,columnPacked
4,1,0,1,bar
5,1,0,1,pie
5,1,0,1,pie
5,1,0,1,pie
5,1,0,1,pie
9,2,0,2,columnPacked
2,1,0,3,column
7,1,0,1,columnPacked
41,1,0,1,barPacked
55,0,0,3,line
4,1,0,21,line
4,1,0,7,columnStacked
7,1,0,1,pie
2,1,0,1,pie
16,1,0,2,grid
5,2,0,57,scatterLine
55,0,0,3,line
55,0,0,3,line
55,0,0,3,line
7,1,0,1,bar
16,1,0,2,grid
32,1,0,2,scatter
7,1,0,1,column
5,1,0,3,column
728,0,1,2,stockLine
4,1,0,7,columnStacked
7,1,0,1,columnPacked
4,1,0,7,columnStacked
4,0,0,7,columnStacked
7,1,0,1,columnPacked
35,0,1,6,stockLine
434,0,1,2,stockLine
7,1,0,1,columnPacked
7,2,0,3,columnStacked
3679,0,1,10,stockLine
6,2,0,3,pie
4,1,0,7,columnStacked
6,2,0,3,scatterLine
18,4,0,0,grid
1,1,0,28,bar
10,2,0,1,pie
20,1,0,1,bar
28,1,0,2,bar
22,1,0,4,line
27,1,0,0,line
5,1,0,0,column
75,1,0,0,line
5,1,0,2,bar
49,1,0,5,line
4,1,0,1,column
8,0,0,0,line
7,1,0,4,grid
20,1,0,1,bar
12,1,0,1,bar
8,1,0,2,areaStacked
85,1,0,5,areaStacked
38,1,0,1,lineStep
1,1,0,6,column
13,2,0,0,grid
55,0,0,3,bar
7,1,0,2,columnPacked
6,1,0,3,column
13,1,0,3,column
3,1,0,1,columnPacked
18,1,0,3,column
7,2,0,2,columnPacked
7,1,0,1,columnPacked
48,0,1,2,line
7,1,0,1,columnPacked
3,1,0,1,line
8,1,0,2,columnStacked
55,0,0,3,line
8,1,0,2,scatter
44,0,1,2,line
4,1,0,3,columnStacked
11,4,0,0,grid
1,1,0,2,bar
7,1,0,1,bar
116,1,0,3,line
7,1,0,1,bar
3,1,0,25,line
30,1,0,2,area
3,1,0,25,line
69,0,1,1,scatter
121,0,1,20,stockSpline
49,0,1,20,spline
2,1,0,2,columnPacked
25,1,0,3,line
41,1,0,2,line
22,1,0,2,dualAxis
451,0,1,2,stockDualAxis
49,1,0,2,line
1,1,0,5,pie
9,1,0,1,barPacked
12,1,0,0,barPacked
19,1,0,1,line
13,1,0,4,line
15,1,0,0,barPacked
1,1,0,8,pie
10,1,0,1,area
30,0,1,6,stockLine
13,1,0,2,line
24,1,0,2,line
6,1,0,2,barPacked
324,0,1,1,stockLine
14,2,0,1,bar
1,1,0,0,bar
72,0,1,0,stockLine
31,0,1,0,stockLine
7,1,0,1,columnPacked
4,1,0,7,columnStacked
7,1,0,1,columnPacked
6,2,0,3,column
117,1,0,6,line
12837,0,1,1,stockSpline
8,1,0,2,spline
1,5,2,5,column
18,2,0,0,grid
4,1,0,2,columnPacked
8,1,0,2,barStacked
3,2,0,1,columnPacked
5,1,0,7,column
7,1,0,1,bar
230,0,0,8,dualAxis
7,1,0,1,columnPacked
10,1,0,2,line
3,1,0,25,line
9,1,0,1,barPacked
1,1,0,9,barPacked
7,1,0,1,line
5,1,0,0,columnPacked
71,0,0,3,line
17,1,0,0,columnPacked
57,1,0,1,line
96,0,1,2,line
4,1,0,4,grid
102,1,0,3,line
14,2,0,1,bar
6,1,0,0,columnPacked
14,0,1,1,stockLine
1,1,0,8,pie
10,4,0,0,grid
7,3,0,0,grid
11,4,0,0,grid
5,2,0,0,pie
5,0,0,2,column
835,0,1,2,stockLine
5,1,0,6,scatterLine
58,0,1,1,line
5,1,0,3,columnStacked
2,1,0,6,barPacked
3,1,0,1,columnPacked
2,1,0,2,columnPacked
7,1,0,5,column
16,1,0,2,grid
10,1,0,2,pie
10,1,0,2,grid
77,0,1,0,line
7,2,0,2,columnStacked
1,1,0,28,bar
37,4,0,1,bar
1,1,0,28,bar
15,2,0,2,grid
32,1,0,2,scatter
8,1,0,2,columnPacked
8,1,0,2,columnPacked
16,1,0,2,grid
7,7,0,0,grid
18,4,0,0,grid
6,1,0,0,columnStacked
12,1,0,1,bar
25,1,0,2,barPacked
11,1,0,2,barPacked
4,1,0,4,pie
8,1,0,4,dualAxis
10,1,0,1,bar
68,1,0,5,areaStacked
6,1,0,1,bar
49,1,0,1,line
12,1,0,1,barPacked
15,1,0,4,line
324,0,1,2,stockLine
1,1,0,3,pie
23,1,0,3,line
47,0,0,0,stockSpline
1,1,0,9,barStacked
11,1,0,1,bar
320,0,1,2,stockLine
5,1,0,3,barStacked
3,1,0,3,barStacked
6,1,0,3,column
3,1,0,2,column
3,1,0,5,column
47,1,0,0,line
277,0,1,1,stockLine
33,1,0,5,line
40,2,0,3,barStacked
26,1,0,2,pie
6,2,0,4,grid
6,3,0,0,grid
48,1,0,0,line
3,0,0,0,columnPacked
2,1,0,2,columnPacked
7,1,0,3,dualAxis
12,1,0,0,scatter
9,1,0,5,line
31,7,0,0,grid
7,6,0,0,grid
19,1,0,1,line
4,1,0,4,bar
5,1,0,1,bar
3,1,0,1,bar
10,1,0,2,bar
8,2,0,3,grid
27,3,0,1,line
10,4,0,0,grid
4,1,0,4,barStacked
7,1,0,1,column
30,1,0,0,column
65,1,0,1,line
7,1,0,1,dualAxis
4,1,0,0,line
7,4,0,0,grid
6,1,0,5,line
7,1,0,6,line
6,2,0,2,grid
19,4,0,0,column
4,1,0,4,grid
24,1,0,1,bar
7,4,0,0,grid
6,9,0,0,grid
3,1,0,1,bar
31,6,0,0,grid
30,5,0,1,grid
3,1,0,1,dualAxis
20,2,0,0,grid
32,1,0,1,bar
6,7,0,0,grid
10,7,0,0,grid
8,1,0,4,line
7,1,0,1,pie
2,1,0,0,columnStacked
20,1,0,2,scatter
8,1,0,2,column
5,1,0,3,column
6,1,0,1,line
168,2,0,0,line
8,3,0,1,column
2,1,0,0,columnStacked
4,1,0,4,line
69,0,1,2,stockLine
4,1,0,4,scatter
144,1,1,0,stockDualAxis
144,1,1,0,stockLine
4,1,0,4,barStacked
6,1,0,1,grid
34,1,0,1,bar
4,1,0,4,column
144,1,0,1,line
15,1,0,1,barPacked
4,1,0,2,columnPacked
5,1,0,0,barStacked
6,1,0,4,pie
2,0,0,2,columnStacked
8,1,0,1,column
9,2,0,1,pie
6,1,0,0,columnPacked
12,1,0,1,column
4,1,0,0,pie
4,1,0,0,pie
6,1,0,0,column
3,1,0,3,pie
4,1,0,12,line
8,1,0,2,line
5,1,0,3,columnPacked
4,1,0,2,line
4,1,0,2,columnPacked
5,1,0,5,line
8,1,0,0,barStacked
10,1,0,4,line
1,1,0,12,barPacked
3,1,0,2,column
18,4,0,0,grid
5,2,0,0,grid
3,1,0,5,column
3,1,0,2,column
3679,0,1,0,stockLine
4,1,0,4,grid
5,2,0,2,pie
2,2,0,2,pie
13,1,0,1,column
10,0,0,0,column
23,1,0,1,bar
6,1,0,0,stockArea
15,1,0,2,area
4,1,0,4,column
41,1,0,2,dualAxis
167,2,0,2,scatter
1,1,0,50,line
37,4,0,0,grid
13,3,0,0,grid
8,1,0,2,line
12,2,0,3,barStacked
32,2,0,1,bar
55,0,0,3,line
16,1,0,1,line
2,1,0,1,pie
4,0,0,3,dualAxis
9,1,0,1,column
7,1,0,1,columnPacked
3,1,0,1,pie
55,0,0,3,line
18,1,0,2,pyramid
67,1,0,1,column
54,0,1,4,line
16,1,0,2,grid
7,1,0,1,columnPacked
4,1,0,30,line
4,1,0,50,areaStacked
8,1,0,2,columnStacked
3,1,0,10,line
53,1,0,4,line
11,1,0,0,bar
2,1,0,1,column
7,1,0,1,columnPacked
4,0,0,0,line
5,1,0,1,column
2,1,0,2,columnPacked
2,2,0,0,columnPacked
3,1,0,0,line
4,1,0,2,columnPacked
5,1,0,0,columnPacked
13,1,0,0,columnPacked
5,1,0,1,pie
6,1,0,2,columnPacked
4,1,0,2,columnPacked
3,1,0,4,line
3,1,0,3,line
8,1,0,0,columnPacked
27,1,0,0,bar
12,10,0,0,grid
5,1,0,1,column
4,1,0,3,column
6,1,0,1,column
10,3,0,0,grid
15,2,0,1,grid
3,3,0,0,grid
3,3,0,0,grid
4,3,0,0,grid
42,0,0,0,column
24,1,0,0,barStacked
3,1,0,5,columnPacked
4,2,0,2,column
642,1,0,6,line
5,1,0,1,bar
9,1,0,10,areaStacked
6,1,0,2,column
10,1,0,0,line
11,0,0,0,line
4,2,0,2,bar
1,1,0,2,bar
1,1,0,3,bar
1,1,0,3,bar
4,2,0,3,bar
1,1,0,3,bar
1,1,0,3,bar
1,1,0,3,bar
1,1,0,3,bar
1,1,0,2,bar
6,2,0,0,pie
1,1,0,7,columnPacked
6,2,0,3,column
20,1,0,1,bar
1,1,0,6,column
60,0,0,2,line
7,1,0,1,columnPacked
21,1,0,2,pyramid
21,1,0,2,pyramid
2,0,0,5,barPacked
67,3,0,4,line
3,1,0,3,column
3,1,0,2,column
7,1,0,7,barStacked
4,1,0,7,spline
16,1,0,6,columnStacked
10,1,0,6,line
11,1,0,2,dualAxis
4,2,0,3,bar
280,0,1,1,line
79,0,1,1,column
88,0,1,1,stockColumn
62,0,1,1,stockLine
10,1,0,1,grid
8,3,0,0,grid
16,1,0,2,grid
443,0,1,1,stockColumn
2,1,0,0,bar
63,0,1,6,stockLine
1169,0,0,8,spline
4,1,0,31,line
6,1,0,2,pie
11,1,0,0,grid
52,2,1,16,stockLine
54,0,1,4,stockLine
17,2,0,1,grid
6,4,0,0,grid
316,0,1,2,stockLine
282,0,1,1,stockLine
31,0,0,0,area
25,2,0,0,column
30,0,1,0,stockLine
14,1,0,1,area
4,1,0,4,column
5,1,0,1,line
1,1,0,12,barStacked
4,1,0,2,column
65,1,0,3,line
189,0,1,1,stockLine
4,1,0,4,column
4,2,0,1,grid
6,1,0,3,columnStacked
47,0,0,0,stockArea
4,1,0,0,column
3,1,0,4,pie
120,0,0,2,line
12,1,0,2,column
40,2,0,1,barStacked
1,1,0,3,bar
1,1,0,3,bar
1,1,0,2,bar
1,1,0,2,bar
1,1,0,2,bar
1,1,0,2,bar
1,1,0,2,bar
2,1,0,7,column
2,1,0,7,column
2,1,0,7,column
2,1,0,7,column
2,1,0,7,column
2,1,0,7,column
2,1,0,7,column
2,1,0,7,column
2,1,0,7,column
5,2,0,2,column
4,1,0,2,columnPacked
5,0,0,4,column
14,4,0,2,bar
34,1,0,2,dualAxis
3,1,0,2,columnStacked
30,1,0,5,barStacked
8,3,0,0,grid
45,1,0,8,line
6,5,0,0,grid
13,1,0,1,columnPacked
3,1,0,2,column
10,3,0,0,grid
55,0,0,3,line
15,0,0,4,line
5,1,0,2,columnStacked
2,1,0,4,pie
6,0,0,1,line
6,1,0,0,column
6,1,0,2,columnPacked
3,1,0,3,columnPacked
10,1,0,1,columnPacked
43,1,0,3,columnPacked
2,1,0,0,pie
4,1,0,1,pie
5,1,0,1,columnPacked
12,2,0,1,barPacked
6,1,0,4,columnStacked
3,4,0,0,grid
5,1,0,1,columnPacked
1,1,0,4,column
32,4,0,8,scatter
101,0,0,7,areaStacked
5,2,0,0,grid
2,1,0,6,columnPacked
3,1,0,6,columnPacked
2,1,0,1,pie
2,1,0,1,pie
2,1,0,1,pie
279,0,1,1,stockLine
10,4,0,0,grid
13,0,0,2,line
20,3,0,0,grid
6,2,0,3,stockLine
48,0,1,2,dualAxis
32,1,0,2,scatter
5,1,0,3,column
1,1,0,2,column
1,1,0,6,column
3,1,0,3,columnPacked
9,1,0,1,column
9,1,0,1,column
6,1,0,1,areaStacked
49,1,0,0,columnPacked
8,1,0,0,pyramid
11,1,0,6,pyramid
6,1,0,3,pie
120,0,0,2,line
5,1,0,3,columnPacked
3,1,0,0,line
6,0,0,3,line
5,0,0,4,line
6,0,1,4,line
10,0,0,5,areaStacked
1,1,0,4,pie
11,1,1,2,stockLine
28,1,1,3,stockLine
1,1,0,6,column
3,1,0,9,line
115,0,0,0,line
115,0,0,0,line
71,0,1,2,stockLine
4,6,0,0,grid
7,4,0,0,grid
7,1,0,1,columnPacked
32,1,0,2,scatter
3679,0,1,10,bubble
8,1,0,2,line
15,1,0,2,scatter
3,2,0,1,donut
264,1,0,3,bubble
5,1,0,10,columnStacked
18,1,0,2,pyramid
32,1,0,2,bubble
7,1,0,1,columnPacked
2,1,0,32,column
4,4,0,0,grid
13,4,0,0,grid
8,1,0,4,columnStacked
6,2,0,0,grid
1,1,0,2,column
4,1,0,0,pie
11,1,0,0,pie
105,1,0,2,line
8,2,0,0,column
7,2,0,1,column
5,1,0,2,columnPacked
37,4,0,0,grid
4,1,0,2,scatter
8,1,0,1,column
1,1,0,5,pie
4,0,0,0,line
2,1,0,3,column
4,1,0,2,pie
1,1,0,2,pie
2,1,0,4,column
1,1,0,9,line
1,1,0,3,columnPacked
7,1,0,1,pie
9,1,0,2,barPacked
4,1,0,3,barPacked
5,2,0,2,bar
4,2,0,4,grid
5,1,0,1,column
13,1,0,3,grid
29,2,0,1,grid
5,1,0,3,grid
9,1,0,2,bar
10,4,0,0,grid
43,0,1,2,stockColumn
4,1,0,4,column
4,1,0,4,bar
8,1,0,1,pie
4,6,0,0,column
7,1,0,1,pie
5,1,0,1,column
19,4,0,0,grid
17,4,0,0,grid
8,1,0,3,column
2,1,0,3,column
2,1,0,4,column
6,4,0,0,grid
6,1,0,1,pie
5,1,0,1,pie
1,1,0,3,column
2,1,0,5,column
1,1,0,5,column
1,1,0,2,column
32,1,0,2,scatter
1,1,0,3,column
1,1,0,2,column
1,1,0,5,column
13,1,0,5,columnStacked
44,0,0,4,line
-1,0,0,3,line
49,1,1,0,stockDualAxis
13,0,0,3,line
20,1,0,1,bar
10,1,0,0,column
21,2,0,3,line
4,1,0,0,pie
37,4,0,0,grid
30,4,0,1,barStacked
4,1,0,51,areaStacked
27,1,0,1,column
3,1,0,3,column
36,4,0,0,grid
1191,0,1,1,stockLine
54,0,0,2,areaStep
4,3,0,3,pie
6,1,0,0,line
34,2,0,3,columnStacked
52,0,0,4,line
18,4,0,0,grid
167,2,0,2,scatter
4,1,0,4,column
5,1,0,2,column
43,0,0,4,line
19,2,0,2,columnStacked
8,4,0,0,grid
6,3,0,0,grid
3,2,0,1,donut
237,15,0,1,bar
4,5,0,0,grid
2,3,0,0,grid
57,0,1,1,stockLine
3,8,0,0,grid
18,1,0,2,line
187,2,0,3,scatter
4,1,0,4,line
1,1,0,3,column
5,0,0,3,line
3679,0,1,0,stockSpline
551,0,1,2,stockLine
4,1,0,4,dualAxis
14,3,0,0,grid
13,4,0,0,grid
3679,0,1,0,stockLine
65,2,0,1,line
6,1,0,2,column
8,9,0,0,grid
5,1,0,0,grid
4,1,0,4,bar
21,8,0,0,grid
4,1,0,4,grid
27,5,0,0,grid
13,1,0,1,line
7,2,0,4,stockColumn
18,2,0,5,grid
7,1,0,2,column
4,1,0,4,column
4,1,0,0,column
12706,0,1,1,stockLine
561,0,1,2,column
8,1,0,1,column
10,1,0,8,barStacked
16,1,0,1,columnPacked
6,1,0,4,columnPacked
19,1,0,4,line
12890,0,1,1,barStacked
6,1,0,4,bubble
11,1,0,0,grid
847,0,1,1,stockLine
4,1,0,4,columnStacked
1,1,0,25,line
16,5,0,0,grid
1,1,0,2,bar
7,1,0,1,bar
17,0,0,7,line
6,2,0,0,grid
55,0,0,4,line
55,0,0,3,line
14,4,0,0,grid
16,1,0,2,grid
15,1,0,3,line
5,6,0,1,pie
5,6,0,1,pie
1,1,0,12,barPacked
11,1,0,1,pie
4,1,0,4,column
27,1,0,1,column
23,1,0,1,bar
77,0,1,1,stockLine
6,1,0,2,dualAxis
12,1,0,2,bar
19,3,0,3,columnStacked
21,1,0,2,barPacked
366,0,1,0,area
323,0,1,4,stockLine
77,0,1,1,stockLine
11,1,0,6,pyramid
3,1,0,2,pyramid
70,0,1,2,stockLine
6,2,0,0,line
32,1,0,4,line
23,1,0,2,barPacked
9,1,0,2,dualAxis
19,0,0,2,dualAxis
47,3,0,1,columnPacked
9,1,0,2,columnPacked
9,1,0,3,columnPacked
2,1,0,54,line
1,1,0,6,pie
19,0,0,6,line
6,1,0,1,line
4,1,0,1,pie
25,1,0,10,line
2,1,0,2,column
7,1,0,1,columnPacked
9,1,0,9,line
2,1,0,12,pie
12,0,0,1,line
72,0,0,1,line
22,0,0,2,line
11,1,0,6,line
721,1,0,4,areaStacked
4,1,0,4,column
3,2,0,0,bar
4,1,0,4,column
4,1,0,0,column
5,1,0,1,column
5,1,0,0,pie
7,1,0,0,areaStacked
4,1,0,2,pie
1,1,0,6,column
5,1,0,2,pie
4,1,0,4,line
3,1,0,0,pie
54,0,0,0,dualAxis
4,1,0,50,areaStacked
10,0,0,5,areaStacked
4,1,0,4,column
21,0,0,1,line
6,1,0,3,columnStacked
4,1,0,0,column
6,1,0,0,columnPacked
2,1,0,2,column
31,0,0,0,bar
21,1,0,0,area
21,0,0,0,grid
18,2,0,1,column
54,0,0,3,line
75,3,1,0,stockLine
10,1,0,1,bar
10,1,0,1,bar
10,1,0,1,bar
1,1,0,12,column
7,1,0,9,column
7,1,0,1,column
1,1,0,6,bar
2,1,0,0,bar
2,1,0,3,column
11,1,0,0,column
3,1,0,18,bar
67,0,0,2,column
4,3,0,0,grid
6,1,0,2,column
12,1,0,11,columnPacked
30,3,0,2,line
2,1,0,3,pie
7,1,0,5,bar
7,4,0,0,grid
7,1,0,2,spline
7,1,0,1,pie
5,3,0,2,dualAxis
41,1,0,3,line
4,1,0,1,column
6,2,0,0,pie
2,1,0,1,column
6,1,0,1,column
105,1,1,2,line
642,0,1,6,stockLine
231,0,1,2,stockLine
55,0,0,3,line
3,2,0,1,donut
18,1,0,2,pyramid
4,1,0,4,stockDualAxis
18,1,0,2,pyramid
6,1,0,5,dualAxis
6,1,0,5,dualAxis
4,1,0,4,stockDualAxis
4,1,0,4,column
280,0,1,1,stockLine
8,5,0,0,grid
6,1,0,2,grid
55,0,0,3,line
167,0,1,1,stockLine
4,4,0,0,column
5,11,0,0,grid
4,1,0,4,column
32,1,0,2,scatter
5,1,0,2,pyramid
16,1,0,2,grid
48,1,0,0,line
4,1,0,4,line
15,1,0,1,line
4,2,0,0,grid
4,1,0,4,line
19,4,0,0,grid
17,2,0,0,grid
4,2,0,0,grid
32,1,0,2,scatter
4,1,0,4,dualAxis
15,1,0,1,pie
3,4,0,0,grid
17,0,0,2,column
3,1,0,3,column
6,1,0,1,bar
3,1,0,1,bar
2,1,0,2,column
3,1,0,2,column
3,1,0,1,pie
11,1,0,1,bar
6,1,0,6,columnStacked
1,0,1,2,grid
4,1,0,2,column
3679,1,0,0,stockLine
4,1,0,4,columnStacked
4,1,0,4,line
4,1,0,1,column
7,1,0,3,column
9,1,0,1,bar
4,2,0,4,column
3,1,0,1,column
9,3,0,0,grid
7,1,0,3,line
13,0,0,3,line
6,1,0,2,pyramid
4,1,0,4,donut
1,0,0,51,line
15,1,0,2,column
4,2,0,1,bar
6,1,0,1,column
3,1,0,4,pie
11,1,0,2,bar
6,1,0,2,bar
9,10,0,0,grid
52,1,0,0,column
4,1,0,4,column
18,0,1,0,line
3,1,0,12,line
4,1,0,4,column
4,1,0,4,pie
5,1,0,1,bar
3,2,0,2,bar
5,1,0,1,column
1,1,0,5,pie
1,1,0,5,pie
6,1,0,5,columnPacked
13,1,0,3,line
9,1,0,6,grid
19,1,0,2,column
8,2,0,4,pie
4,1,0,5,line
56,0,0,0,line
15,1,0,3,line
29,1,0,2,columnStacked
16,1,0,1,bar
20,1,0,1,bar
4,1,0,4,column
58,1,0,1,area
5,4,0,0,grid
7,6,0,0,grid
11,1,0,3,column
16,1,0,3,barPacked
13,1,0,1,line
341,1,0,0,line
50,1,0,2,scatter
3,1,0,1,pie
14,1,0,2,bar
4,1,0,4,column
5,1,0,2,column
33,1,0,2,scatter
4,1,0,2,column
4,1,0,4,line
5,1,0,0,line
5,1,0,0,column
82,1,0,1,line
3,1,0,0,grid
3679,0,1,0,stockLine
80,2,0,7,grid
7,1,0,1,column
192,0,1,1,stockLine
271,0,1,1,stockLine
41,1,0,1,line
4,1,0,4,columnPacked
2,1,0,9,column
5,1,0,2,barStacked
11,1,0,2,pyramid
13,1,0,2,line
8,4,0,0,grid
13,1,0,4,columnStacked
7,1,0,1,pie
31,0,0,3,areaStep
54,0,1,4,stockLine
4,1,0,7,columnStacked
2,1,0,1,pie
54,0,1,4,stockLine
6,1,0,4,column
5,1,0,2,column
5,1,0,2,column
48,0,1,3,stockLine
393,0,1,2,stockLine
4,1,0,7,columnStacked
2,1,0,7,column
2,1,0,7,column
2,1,0,7,column
2,1,0,7,column
101,0,1,1,stockLine
4,1,0,7,pie
690,0,1,1,stockLine
697,0,1,1,line
4,1,0,0,pie
18,1,0,3,line
9,0,1,3,stockLine
3679,0,1,0,stockSpline
7,0,0,5,line
2,7,0,0,columnStacked
7,1,0,1,bar
36,3,0,3,scatter
780,0,1,0,stockLine
324,0,1,2,stockLine
36,1,0,2,line
42,2,0,0,bar
1,1,0,24,bar
331,0,1,1,stockLine
510,0,1,3,stockLine
12,1,0,3,column
12,1,0,2,line
3,1,0,0,dualAxis
25,2,0,0,column
3,1,0,0,columnPacked
14,1,0,3,line
4,1,0,4,column
1,1,0,5,pie
9,1,0,0,barStacked
15,2,0,1,bar
8,1,0,1,bar
5,1,0,6,pie
47,1,0,7,columnStacked
47,1,0,2,line
12,1,0,2,area
23,7,0,0,grid
5,1,0,0,columnPacked
3,1,0,0,columnPacked
4,1,1,5,grid
6,2,0,2,grid
5,1,0,0,barStacked
278,0,1,2,dualAxis
8,1,0,2,line
3679,0,1,9,stockLine
24,1,0,2,line
5,2,0,2,bar
6,1,0,8,barStacked
9,1,0,2,dualAxis
6,1,0,8,column
6,1,0,1,column
3,1,0,1,column
8,1,0,1,column
8,1,0,1,column
4,1,0,1,bar
4,1,0,1,pie
5,1,0,1,pie
11,3,0,0,grid
56,0,0,3,line
4,1,0,7,columnStacked
55,0,0,3,line
15,1,0,3,line
55,0,0,3,line
55,0,0,3,line
22,2,0,4,grid
9,1,0,29,stockLine
7,1,0,0,columnPacked
80,2,0,2,line
212,1,0,0,line
50,1,0,3,barStacked
19,1,0,0,line
25,2,0,2,columnStacked
287,0,1,2,stockDualAxis
18,1,0,0,line
4,1,0,4,column
4,1,0,2,columnPacked
4,1,0,2,columnPacked
2,1,0,1,columnPacked
10,1,0,1,bar
11,1,0,3,area
7,1,0,6,columnPacked
2,1,0,3,column
19,4,0,0,grid
12,4,0,0,grid
78,1,0,2,line
13,2,0,2,bar
4,1,0,4,column
36,3,0,0,grid
65,2,0,1,line
76,0,0,5,areaStacked
4,1,0,4,column
56,1,0,2,scatter
46,1,0,4,line
10,1,0,0,line
4,1,0,2,bar
4,1,0,5,line
10,1,0,1,area
10,1,0,1,area
10,1,0,1,area
8,1,0,1,bar
8,1,0,4,grid
11,1,0,3,line
56,0,0,12,scatterLine
48,0,1,2,stockDualAxis
41,0,1,0,stockDualAxis
31,0,1,0,stockLine
6,1,0,3,column
88,0,1,1,stockLine
5,2,0,0,column
17,1,1,4,stockLine
10,1,0,1,bar
4,3,0,0,grid
4,3,0,0,columnPacked
12,1,0,2,columnPacked
10,2,0,2,columnPacked
6,1,0,4,columnStacked
9,2,0,2,line
65,0,1,5,stockLine
7,2,0,0,columnPacked
277,0,1,1,stockLine
54,0,1,4,stockLine
18,1,0,2,pyramid
7,1,0,1,columnPacked
54,0,1,4,stockLine
45,4,0,1,grid
18,1,0,2,line
8,1,0,2,line
1,1,0,6,column
3,1,0,2,columnPacked
55,0,0,3,line
54,0,1,4,dualAxis
25,1,0,1,bar
1,1,0,1,columnPacked
2,1,0,8,columnStacked
5,4,0,0,grid
5,5,0,0,grid
3,1,0,2,columnStacked
6,1,0,1,column
14,2,0,3,columnStacked
324,0,1,2,stockLine
3,1,0,0,column
63,1,0,2,line
2,1,0,4,column
2,1,0,4,column
168,2,0,0,line
7,1,0,3,bar
18,1,0,3,line
4,1,0,3,barStacked
6,1,0,3,column
5,1,0,8,column
11,3,0,0,grid
4,4,0,2,column
30,1,0,4,bar
2,2,0,0,bar
4,1,0,2,barStacked
12,1,0,2,line
14,1,0,3,barPacked
12,1,0,0,line
19,0,0,2,dualAxis
23,0,0,5,line
25,0,0,7,line
8,1,0,0,column
8,0,0,4,line
12,1,0,3,barStacked
4,1,0,17,pie
39,4,0,0,line
4,1,0,4,grid
7,1,0,1,columnPacked
76,3,0,1,line
55,0,0,3,line
66,1,0,1,line
103,1,0,1,line
18,1,0,2,areaStep
3,1,0,3,column
7,1,0,1,columnPacked
52,1,0,6,scatter
9,1,0,3,column
10,1,0,2,line
2,1,0,1,donut
2,1,0,7,line
1,1,0,3,pie
10,1,0,11,line
24,1,0,1,columnPacked
7,1,0,1,columnPacked
16,1,0,2,grid
3,22,0,5,grid
10,2,0,3,grid
5,1,0,1,column
5,1,0,1,column
5,1,0,1,column
149,1,0,2,scatter
20,1,0,2,scatter
44,0,0,3,line
4,1,0,1,pie
5,1,0,1,line
282,0,1,6,stockLine
19,1,0,1,line
3,1,0,0,barStacked
29,1,0,0,line
11,1,0,0,line
9,1,0,0,bar
12,1,0,0,line
18,4,0,0,grid
7,6,0,0,grid
25,6,0,0,grid
32,2,0,0,grid
20,2,0,1,column
19,1,0,1,column
27,1,0,1,column
4,5,0,0,grid
6,8,0,0,grid
6,3,0,0,grid
11,5,0,0,grid
10,5,0,0,grid
6,2,0,0,grid
18,2,0,0,grid
9,2,0,0,grid
4,1,0,1,column
26,4,0,2,grid
8,5,0,0,grid
3679,0,1,10,stockLine
26,1,0,2,spline
4,2,0,0,grid
9,2,0,0,grid
16,4,0,0,grid
32,1,0,3,column
42,5,0,0,columnStacked
6,1,0,5,line
1,1,0,11,column
9,1,0,1,line
4,1,0,17,pie
15,3,0,2,columnStacked
6,1,0,2,column
6,2,0,0,grid
2349,0,1,1,stockLine
8,1,0,4,column
6,2,0,3,areaStacked
4,1,0,4,line
5,1,0,0,barStacked
2,1,0,3,columnStacked
6,1,0,0,pie
6,1,0,2,columnPacked
7,1,0,0,columnPacked
4,1,0,0,pie
3,1,0,3,columnPacked
3,1,0,3,columnPacked
4,1,0,5,bar
2,1,0,3,columnPacked
3,1,0,4,line
13,1,0,2,line
2,1,0,2,line
3,1,0,3,columnPacked
1,1,0,3,column
11,1,0,2,columnPacked
3,1,0,8,line
25,1,0,3,line
6,1,0,0,barStacked
12,1,0,2,columnPacked
1,1,0,5,barPacked
10,2,0,0,grid
3,8,0,0,grid
9,7,0,0,grid
3,1,0,3,column
3,1,0,5,column
3,1,0,5,column
3,1,0,4,column
19,3,0,0,grid
20,1,0,1,grid
50,4,0,0,grid
6,11,0,0,grid
11,1,0,2,dualAxis
4,1,0,4,areaStacked
13,1,0,0,pyramid
9,1,0,29,line
41,2,0,0,areaStacked
28,0,0,0,columnStacked
76,0,1,2,stockDualAxis
52,0,0,4,line
40,0,1,0,stockDualAxis
55,0,0,3,line
3,1,0,2,barStacked
8,5,0,0,grid
1,1,0,2,column
22,1,0,1,pie
18,1,0,2,pyramid
281,0,1,2,line
26,1,0,0,columnStacked
11,1,0,3,columnPacked
6,1,0,9,columnStacked
13,1,0,2,line
14,2,0,0,grid
67,1,0,1,column
67,1,0,1,column
31,2,0,2,column
2,1,0,4,column
5,1,0,3,columnPacked
8,1,0,3,line
40,1,0,2,line
40,1,0,2,line
1,1,0,3,bar
1,1,0,3,bar
1,1,0,3,bar
1,1,0,2,bar
2,1,0,7,column
2,1,0,7,column
2,1,0,7,column
2,1,0,7,column
2,1,0,7,column
2,1,0,7,column
2,1,0,7,column
2,1,0,7,column
8,1,0,2,column
7,2,0,4,column
25,2,0,2,columnStacked
9,2,0,3,columnStacked
34,2,0,3,columnStacked
4,2,0,3,column
12,1,0,0,column
12,1,0,0,line
18,2,0,0,barStacked
12,1,0,0,column
19,2,0,3,columnStacked
2,1,0,2,column
5,0,0,4,column
6,5,0,0,grid
7,0,0,3,line
69,0,0,2,area
77,0,1,1,stockLine
167,2,0,2,scatter
11,1,0,2,dualAxis
5,1,0,2,columnPacked
1,1,0,19,barStacked
7,0,0,3,columnPacked
6,1,0,0,columnPacked
144,1,1,0,stockLine
20,1,0,2,line
5,1,0,1,column
2,3,0,0,grid
9,1,0,1,bar
6,1,0,2,column
20,0,0,15,line
230,0,1,2,stockLine
1,1,0,0,pie
11,1,0,3,grid
90,0,0,2,scatter
100,0,0,0,stockLine
4,1,0,4,column
4,1,0,1,grid
20,1,0,1,bar
5,1,0,6,line
3,1,0,0,columnPacked
87,0,1,1,stockLine
7,1,0,2,column
4,1,0,2,line
32,1,0,2,scatterLine
11,1,0,1,bar
32,1,0,2,scatter
25,2,0,1,column
32,1,0,2,grid
32,1,0,2,scatter
6,2,0,0,grid
19,0,0,2,column
57,1,0,51,line
9,5,0,0,grid
7,1,0,1,columnPacked
16,1,0,2,grid
35,1,0,7,line
11,1,0,1,column
55,0,0,3,lineStep
6,3,0,0,grid
7,2,0,0,grid
2,3,0,0,grid
7,2,0,0,grid
6,4,0,0,grid
43,0,1,1,scatterLine
4,2,0,2,bar
16,1,0,1,grid
29,0,1,6,stockLine
78,2,0,0,line
3,1,0,0,column
65,2,0,1,line
20,2,0,2,grid
98,0,0,2,line
100,0,0,0,column
20,1,0,2,line
20,1,0,2,line
1,1,0,2,bar
59,1,0,3,line
7,1,0,1,pie
10,2,0,1,pie
6,1,0,2,bar
6,1,0,3,bar
4,2,0,2,bar
1,1,0,2,bar
4,2,0,3,bar
1,1,0,3,bar
4,2,0,3,bar
21,1,0,1,column
4,2,0,3,bar
1,1,0,3,bar
1,1,0,3,bar
1,1,0,3,bar
1,1,0,3,bar
10,18,0,1,pie
8,8,0,2,line
34,1,0,0,line
56,1,0,1,line
25,1,0,1,line
2,1,0,0,columnPacked
8,1,0,2,column
3,1,0,0,columnPacked
3,1,0,3,columnPacked
26,1,0,2,spline
2,1,0,0,column
6,1,0,4,columnPacked
5,1,0,0,column
3,1,0,3,area
642,0,1,6,stockLine
167,1,0,2,scatter
167,2,0,2,scatter
3,1,0,4,line
7,1,0,1,column
6,1,0,4,line
2,1,0,3,column
3,6,0,0,grid
1,1,0,4,pie
5,1,0,4,grid
5,1,0,1,column
8,1,0,2,columnPacked
3,1,0,0,columnPacked
2,1,0,2,columnPacked
4,1,0,0,column
8,1,0,1,column
5,1,0,0,column
3,1,0,0,line
7,2,0,0,column
6,0,0,0,line
47,0,0,0,line
17,0,0,2,line
12,2,0,1,grid
2,1,0,0,pie
2,1,0,0,pie
2,1,0,0,pie
3,1,0,0,barStacked
834,0,1,1,stockLine
36,4,0,0,grid
6,3,0,0,grid
10,1,0,1,grid
2,1,0,1,pie
63,0,1,6,stockLine
63,0,1,6,stockLine
12913,0,1,1,stockColumn
32,0,1,1,column
10,1,0,2,spline
4,1,0,7,columnStacked
101,0,0,7,areaStacked
132,1,0,5,areaStacked
8,1,0,1,column
282,0,1,2,stockLine
812,0,1,1,stockLine
3,1,0,9,column
57,0,1,7,stockColumn
20,3,0,0,pyramid
21,1,0,2,pyramid
33,1,0,6,pyramid
18,1,0,2,pyramid
14,2,0,12,columnStacked
6,4,0,0,grid
17,6,0,0,grid
3,1,0,5,line
4,1,0,30,line
12,1,0,4,columnPacked
1,0,1,4,stockColumn
71,0,1,2,stockLine
8,4,0,0,grid
3,2,0,1,donut
4,1,0,7,columnStacked
7,1,1,5,column
3,1,0,4,scatter
25,1,0,3,grid
7,1,0,1,pie
4,1,0,7,columnStacked
55,0,0,3,line
7,1,0,1,columnPacked
4,1,0,7,columnStacked
5,4,0,0,grid
7,1,0,1,columnPacked
8,4,0,0,grid
41,0,0,4,line
1,1,0,4,column
1,1,0,3,pie
6,0,0,0,columnPacked
6,1,0,0,pie
8,1,0,1,column
6,1,0,1,pie
62,0,0,16,scatterLine
5,1,0,3,columnPacked
7,1,0,2,columnPacked
53,3,0,0,line
6,1,0,0,line
14,0,0,0,area
8,1,0,55,line
3,1,0,11,line
6,1,0,0,column
7,1,0,0,barPacked
5,1,0,0,column
5,1,0,1,barPacked
5,1,0,1,barPacked
13,0,0,0,line
1,1,0,0,line
14,1,0,1,column
4,1,0,1,barPacked
3,1,0,3,columnPacked
2,1,0,4,column
6,1,0,0,columnPacked
2,1,0,2,column
1,1,0,7,pie
14,0,0,0,line
11,1,0,6,pyramid
12,1,0,3,barStacked
7,1,0,3,pie
4,1,0,2,pie
5,1,0,1,bar
5,1,0,1,pie
9,6,0,0,grid
35,2,0,1,bar
67,2,0,0,line
87,0,1,2,stockLine
6,2,0,1,dualAxis
4,1,0,4,grid
67,2,0,0,line
12,1,0,2,area
52,0,0,4,line
4,1,0,0,pie
4,1,0,4,column
18,4,0,0,grid
4,1,0,4,column
11,1,0,2,dualAxis
4,1,0,17,pie
4,1,0,4,column
4,1,0,3,column
16,1,0,6,dualAxis
15,5,0,0,grid
6,5,0,0,grid
23,4,0,0,grid
10,4,0,0,grid
5,1,0,1,columnPacked
9,4,0,0,grid
4,3,0,0,grid
65,0,1,2,stockSpline
3,3,0,0,grid
10,1,0,1,column
3,3,0,0,grid
1,1,0,2,column
4,1,0,7,columnPacked
10,1,0,1,column
119,0,1,1,column
16,3,0,0,grid
3,1,0,2,columnPacked
58,0,0,2,line
5,2,0,2,bar
3,1,0,4,column
5,1,0,6,column
8,1,0,5,grid
4,1,0,11,column
4,1,0,2,bar
17,1,0,2,dualAxis
10,0,0,2,line
1,1,0,7,column
6,1,0,1,bar
7,1,0,4,column
3679,0,1,0,column
58,0,1,2,stockLine
3,1,0,1,bar
3,1,0,1,bar
6,1,0,1,bar
3,1,0,1,bar
5,2,0,0,grid
8,1,0,3,column
7,0,0,5,line
6,1,0,1,pie
324,0,1,2,line
55,0,0,3,line
1,1,0,4,column
1,1,0,4,column
1,1,0,3,pie
1,1,0,2,pie
3,1,0,2,columnPacked
4,1,0,2,columnPacked
2,1,0,2,columnPacked
1,1,0,2,column
1,1,0,4,column
32,2,0,3,bubble
1,1,0,4,column
7,6,0,0,grid
1,1,0,4,column
2,0,0,2,pie
1,1,0,2,column
1,1,0,3,column
14,5,0,0,grid
55,0,0,3,line
1,1,0,4,column
1,1,0,3,column
7,1,0,1,columnPacked
4,1,0,2,column
1,1,0,4,column
3,1,0,4,columnPacked
836,0,1,1,line
5,1,0,2,column
1,1,0,3,column
1,1,0,3,column
1130,2,1,16,grid
49,1,0,1,columnPacked
7,2,0,0,pie
1,1,0,5,column
7,2,0,0,pie
4,11,0,1,grid
5,1,0,5,line
5,0,0,3,columnStacked
5,0,0,3,line
5,0,0,4,line
16,1,0,1,columnStacked
5,0,0,6,line
6,0,0,3,line
3,1,0,3,columnPacked
2,1,0,0,bar
5,1,0,2,grid
4,1,0,0,pie
41,2,0,0,areaStacked
115,0,0,0,line
3,1,0,0,column
1,1,0,6,pie
4,1,0,4,column
49,1,0,0,column
5,1,0,7,barStacked
1,1,0,6,bar
60,1,0,0,bar
24,1,0,0,areaStacked
28,2,0,1,bar
19,1,0,0,bar
2,1,0,0,pie
3,2,0,3,columnPacked
1,0,0,51,line
1,0,0,51,line
4,1,0,4,column
21,0,0,1,line
12,1,0,2,area
30,4,0,1,barStacked
3,1,0,0,pie
5,1,0,0,column
3,1,0,31,line
4,1,0,4,column
8,1,0,5,dualAxis
8,3,0,0,grid
4,4,0,0,grid
4,3,0,0,grid
12,4,0,1,grid
65,2,0,1,line
4,1,0,5,columnStacked
7,3,0,0,grid
6,4,0,0,grid
5,3,0,0,grid
2775,4,0,0,stockLine
4,1,0,4,column
116,0,1,1,stockLine
8,1,0,1,line
5,2,0,0,bar
2,1,0,2,grid
4,1,0,4,grid
3,1,0,5,column
5,1,0,2,column
4,1,0,4,column
75,1,1,1,stockLine
5,9,0,0,grid
87,0,1,2,stockLine
1,1,0,5,column
3,2,0,0,grid
10,1,0,1,column
204,2,1,1,line
1683,0,1,1,dualAxis
11,1,0,0,grid
2,1,0,3,columnPacked
1,1,0,6,scatterLine
7,1,0,1,columnPacked
7,1,0,3,bar
15,1,0,2,line
33,5,0,0,grid
6,1,0,3,dualAxis
10,8,0,0,grid
9,1,0,5,column
1,1,0,5,column
55,0,0,3,line
60,0,0,5,line
101,0,0,3,line
115,112,0,1,line
7,2,0,2,columnPacked
12,1,0,0,scatter
149,1,0,6,scatter
7,2,0,1,line
9,1,0,3,barStacked
317,0,1,2,dualAxis
41,1,0,2,line
167,1,0,2,scatter
64,1,0,3,line
27,1,0,2,barStacked
8,1,0,2,line
28,0,0,5,line
22,0,1,2,line
320,0,1,2,stockLine
23,0,0,5,line
10,1,0,4,barStacked
50,0,0,2,line
1,1,0,64,line
38,1,0,1,columnPacked
6,1,0,3,columnStacked
5,1,0,12,columnPacked
74,0,0,2,line
14,1,0,13,line
7,1,0,3,columnPacked
9,0,0,37,columnPacked
3,1,0,3,columnStacked
4,1,0,1,barPacked
10,1,0,1,barStacked
6,1,0,2,column
8,3,0,0,grid
5,1,0,1,bar
5,2,0,0,grid
4,1,0,1,pie
7,1,0,1,pie
8,1,0,2,column
12,2,0,0,grid
4,1,0,4,column
4,1,0,4,column
16,1,0,4,dualAxis
7,1,0,2,line
9,1,0,1,bar
57,0,1,2,stockLine
279,0,1,1,stockLine
8,1,0,1,bar
11,2,0,1,column
4,1,0,4,pie
3,3,0,0,grid
4,1,0,4,pyramid
1,1,0,6,column
1193,0,1,1,stockLine
8,1,0,1,column
3,1,0,1,pie
4,1,0,4,column
49,1,1,0,stockDualAxis
839,0,1,1,stockLine
5,1,0,0,stockDualAxis
32,4,0,8,scatter
5,0,0,2,column
215,0,0,1,spline
167,0,1,1,stockLine
10,1,0,1,pie
17,1,0,1,column
4,10,0,0,grid
5,1,0,1,columnStacked
5,4,0,0,grid
10,4,0,0,grid
4,1,0,4,stockDualAxis
16,1,0,1,column
5,1,0,0,barStacked
3,2,0,1,donut
16,1,0,2,dualAxis
26,1,0,0,columnStacked
4,3,0,0,grid
159,0,1,1,stockLine
120,0,1,0,stockLine
8,3,0,0,grid
21,2,0,3,grid
6,1,0,2,pie
5,1,0,4,pie
4,1,0,4,grid
5,2,0,0,grid
5,1,0,2,pie
5,1,0,1,pie
60,0,0,3,areaStep
4,2,0,5,line
6,1,0,3,pie
188,1,0,0,line
4,1,0,0,column
8,1,0,1,column
3,1,0,2,column
1,1,0,2,column
4,1,0,4,column
2532,2,0,0,line
18,0,1,1,stockLine
4,1,0,2,scatter
4,1,0,4,grid
4,1,0,3,column
5398,0,1,1,stockLine
4,1,0,4,column
2,1,0,2,column
9,1,0,4,spline
3679,0,1,0,stockSpline
553,1,0,2,pie
5,1,0,1,column
8,6,0,0,grid
4,1,0,1,column
5,1,0,1,pie
642,0,1,6,stockArea
54,1,0,2,dualAxis
4,1,0,6,line
12,1,0,2,bar
282,0,1,6,stockLine
282,0,1,6,stockLine
41,6,0,3,areaStacked
115,0,0,0,line
13,1,0,2,columnPacked
15,25,0,0,areaStacked
62,0,0,16,dualAxis
9,1,0,0,column
9,0,0,6,dualAxis
10,1,0,4,barStacked
1,1,0,6,bar
1,1,0,4,pie
1,1,0,4,pie
28,1,0,3,line
64,1,0,1,column
58,0,0,6,spline
5,7,0,0,grid
11,1,0,0,column
1002,16,0,1,column
47,1,0,2,scatter
276,1,0,2,line
50,1,0,2,scatter
41,5,1,2,areaStacked
2,1,0,2,columnPacked
5,1,0,1,line
23,1,0,1,bar
4,1,0,0,column
50,1,0,2,scatter
38,1,0,2,scatter
33,1,0,2,scatter
33,1,0,2,scatter
33,1,0,2,scatter
4,1,0,2,column
50,1,0,2,scatter
24,1,0,0,bar
24,1,0,5,line
8,6,0,0,grid
22,1,0,5,grid
21,1,0,0,barStacked
10,1,0,2,line
22,1,0,2,line
4,1,0,2,column
24,1,0,0,bar
4,1,0,0,column
5,1,0,0,pie
25,4,0,2,scatter
8,3,0,0,grid
1,1,0,8,bar
1,1,0,5,column
13,1,0,2,line
2,1,0,14,donut
40,0,1,4,stockColumn
1,1,0,10,column
11,1,0,0,column
14,1,0,4,line
8,5,0,1,grid
1,1,0,0,bar
16,1,0,2,bar
7,2,0,0,grid
19,3,0,0,grid
27,0,0,1,line
35,3,0,0,grid
6,2,0,0,grid
11,0,1,3,columnPacked
18,1,0,3,line
17,1,0,1,bar
10,1,0,3,grid
6,1,0,1,bar
15,1,0,3,line
31,0,0,0,area
4,1,0,4,column
23,1,0,1,bar
6,1,0,2,dualAxis
6,1,0,2,line
510,0,1,1,stockLine
5,4,0,0,grid
7,1,0,2,column
5,1,0,2,column
10,2,0,0,column
13,2,0,0,bar
2,7,0,0,columnStacked
2,2,0,2,pie
4,1,0,1,line
5,3,0,0,grid
55,0,0,3,line
32,1,0,2,scatter
18,1,0,2,pyramid
11,1,0,1,pie
21,0,1,5,line
10,2,0,0,grid
15,3,0,0,grid
7,2,0,3,columnPacked
5,1,0,4,columnPacked
12,2,0,0,column
1194,0,1,2,stockLine
6,3,0,0,column
7,1,0,1,line
3,2,0,3,columnPacked
4006,43,4,6,column
3679,0,1,0,stockSpline
4006,43,4,6,stockLine
8,1,0,1,pie
21,8,0,0,grid
4,1,0,4,grid
46,0,0,5,line
7,1,0,0,spline
21,1,0,2,columnStacked
6,1,0,8,barStacked
4,1,0,0,column
13,1,0,1,columnPacked
331,0,1,1,stockLine
331,0,1,2,dualAxis
229,0,1,1,column
320,0,1,2,stockLine
8,2,0,9,line
24,1,0,0,grid
64,1,0,3,line
9,1,0,4,column
24,2,0,2,areaStacked
14,1,0,0,line
6,1,0,1,column
10,1,0,9,columnStacked
7,1,0,1,column
7,1,0,1,column
8,1,0,1,column
4,1,0,1,pie
10,1,0,1,column
39,1,0,2,line
7,1,0,1,columnPacked
4,1,0,7,columnStacked
41,2,0,3,scatterLine
2,1,0,1,pie
7,2,0,1,columnPacked
4,1,0,7,columnStacked
19,1,0,3,line
55,0,0,3,columnStacked
15,1,0,3,line
6,2,0,0,grid
7,1,0,1,bar
7,2,0,2,columnPacked
15,1,0,3,line
7,1,0,1,columnPacked
18,1,0,2,pyramid
55,0,0,3,line
55,0,0,3,line
55,0,0,3,line
31,0,1,0,stockLine
4,1,0,7,bar
3,2,0,1,pie
3,1,0,0,columnStacked
9,1,0,1,column
11,1,0,3,barPacked
24,0,1,2,line
29,1,0,1,barPacked
5,1,0,2,barPacked
4,1,0,2,barPacked
29,1,0,2,columnStacked
9,1,0,4,columnStacked
4,1,0,4,columnPacked
16,1,0,2,columnPacked
7,1,0,6,line
3,1,0,2,pie
2,1,0,2,pie
43,1,0,1,barPacked
6,1,0,1,bar
23,4,0,0,grid
58,0,0,6,spline
16,1,0,2,barStacked
2,1,0,2,bar
16,1,0,1,line
52,1,0,0,column
71,0,0,3,line
6,1,0,3,barStacked
28,1,0,1,line
7,1,0,2,column
29,1,0,0,dualAxis
20,1,0,2,dualAxis
15,2,0,2,pyramid
15,2,0,2,pyramid
9,1,0,4,line
15,2,0,1,bar
11,0,0,5,line
6,4,0,0,grid
5,6,0,0,grid
7,1,0,1,columnPacked
65,0,1,5,stockLine
7,1,0,1,columnPacked
6,1,0,4,areaStacked
2,1,0,7,column
2,1,0,7,column
7,1,0,1,column
8530,0,1,9,stockDualAxis
7,1,0,1,bar
63,0,1,6,stockLine
2,1,0,1,pie
4,1,0,1,dualAxis
48,0,1,2,line
7,1,0,1,columnPacked
3,1,0,2,bar
16,1,0,2,grid
101,0,1,1,stockColumn
101,0,1,1,stockArea
9,2,0,2,grid
56,1,0,2,line
10,1,0,0,line
18,1,0,1,column
11,1,0,4,line
4,1,0,4,line
15,0,0,4,line
56,0,0,5,line
1,1,0,11,column
3,1,0,0,barPacked
1256,0,1,1,stockLine
1,1,0,13,column
3,1,0,0,areaStacked
3,1,0,3,columnPacked
4,1,0,2,pie
22,1,0,2,barStacked
3,1,0,2,barPacked
61,1,0,2,columnPacked
11,1,0,1,line
21,1,0,2,barPacked
25,1,0,2,pyramid
24,3,0,1,column
6,2,0,0,grid
4,1,0,7,columnStacked
7,1,0,1,columnPacked
10,1,0,9,line
10,1,0,1,line
67,3,0,4,line
4,1,0,7,columnStacked
7,1,0,5,column
6,2,0,3,columnStacked
1,1,0,2,column
4,1,0,6,columnPacked
54,0,1,4,stockLine
8,4,0,0,grid
3,1,0,17,line
6,1,0,2,columnPacked
9,1,0,1,pie
1,1,0,3,pie
1,1,0,3,pie
7,1,0,1,columnPacked
2,1,0,6,columnStacked
7,1,0,1,column
39,3,0,0,grid
4,1,0,7,areaStacked
12,1,0,2,column
9,1,0,1,pie
8,1,0,1,column
4,1,0,1,columnPacked
9,1,0,10,line
3,1,0,0,column
1,1,0,2,pie
73,0,0,6,line
4,1,0,4,column
20,1,0,2,line
1,1,0,11,barStacked
9,1,0,4,line
56,1,0,3,line
234,0,1,1,column
3,1,0,3,columnStacked
19,1,0,3,barPacked
11,1,0,1,column
21,1,0,3,barPacked
6,2,0,1,barPacked
13,1,0,2,column
13,1,0,2,column
5,1,0,3,bar
320,0,1,2,stockLine
4,1,0,4,areaStacked
32,1,0,2,barPacked
283,0,1,2,dualAxis
77,0,1,0,line
9,1,0,0,line
29,1,0,0,line
146,1,1,0,stockLine
4,1,0,2,barStacked
6,1,0,3,columnPacked
36,1,0,0,line
6,1,0,2,columnPacked
22,2,0,4,grid
32,1,0,4,line
4,1,0,4,grid
4,1,0,1,column
9,3,0,2,grid
278,0,1,1,stockLine
16,1,0,1,line
28,1,0,3,line
36,1,0,1,column
5,1,0,1,column
15,6,0,0,grid
8,1,0,0,columnPacked
7,1,0,2,line
9,2,0,0,columnPacked
10,5,0,0,grid
14,0,0,0,dualAxis
33,0,0,4,dualAxis
13,1,0,2,barPacked
13,1,0,2,barPacked
22,3,0,0,grid
5,1,0,2,column
22,1,0,2,barPacked
5,1,0,4,bar
21,1,0,1,column
2,1,0,2,pie
4,1,0,2,pie
16,1,0,1,column
10,1,0,1,area
4,1,0,0,pie
6,1,0,4,grid
4,1,0,4,grid
20,1,0,2,line
77,0,1,4,stockDualAxis
56,0,0,12,scatterLine
12,1,0,2,bar
12,1,0,3,bar
5,1,0,0,column
17,1,0,3,barStacked
31,0,1,0,stockLine
19,3,0,0,grid
25,2,0,1,bar
3,1,0,1,pie
2,0,0,5,line
55,0,0,3,column
10,0,1,1,column
2,1,0,2,columnPacked
7,3,0,0,grid
4,1,0,4,columnPacked
55,0,0,3,line
5,1,0,2,columnPacked
16,1,0,2,grid
7,1,0,1,columnPacked
19,1,1,0,grid
2,1,0,8,columnStacked
25,1,0,3,grid
18,2,0,0,grid
40,2,0,3,barStacked
13,2,0,3,columnStacked
7,1,0,1,columnPacked
22,2,0,0,grid
7,1,0,1,column
2,1,0,1,pie
10,0,1,1,line
6,1,0,4,column
5326,4,1,5,grid
4,1,0,7,column
12,1,0,2,grid
65,0,1,1,area
32,1,0,2,scatter
11,8,0,0,grid
7,1,0,1,column
4,1,0,20,line
7,1,0,1,columnPacked
4,1,0,7,spline
10,3,0,0,grid
12,2,0,1,grid
5,1,0,2,line
5,1,0,1,column
4,1,0,0,columnPacked
149,1,0,6,scatter
28,1,0,0,columnStacked
31,6,0,0,grid
10,5,0,0,grid
1,1,0,5,pie
20,1,0,0,columnPacked
7,6,0,0,grid
11,5,0,0,grid
9,3,0,0,grid
5,1,0,0,bar
10,1,0,1,bar
7,4,0,0,grid
5,1,0,2,columnPacked
21,1,0,1,column
7,1,0,2,columnPacked
3679,0,1,0,stockLine
12,2,0,1,grid
4,1,0,4,column
50,1,0,3,line
4,5,0,0,grid
21,1,0,1,bar
25,6,0,0,grid
7,4,0,0,grid
31,5,0,0,grid
5,1,0,1,column
8,2,0,0,grid
5,2,0,0,grid
13,5,0,0,grid
17,4,0,0,grid
15,4,0,0,grid
10,3,0,0,grid
12,1,0,0,line
64,12,0,0,pie
16,1,0,1,pie
42,5,0,0,columnStacked
3,1,0,6,pie
24,1,0,6,line
12,5,0,0,columnStacked
5,1,0,1,line
1,1,0,6,column
11,1,0,2,line
7,1,0,1,line
28,0,0,5,line
56,1,0,3,line
3,2,0,0,grid
11,1,0,1,pie
4,1,0,4,column
66,1,0,2,scatter
5,1,0,1,barPacked
9,1,0,2,line
4,1,0,2,columnPacked
65,1,0,3,line
8,1,0,0,columnStacked
6,1,0,4,pie
6,1,0,4,pie
41,1,0,2,line
6,0,0,3,line
4,1,0,6,columnPacked
1,1,0,3,pie
2,1,0,2,columnPacked
11,1,0,2,line
3,1,0,2,line
3,1,0,3,columnPacked
25,1,0,3,line
5,1,0,4,columnPacked
3,2,0,3,column
9,4,0,5,grid
13,3,0,0,grid
24,5,0,0,grid
12,2,0,0,grid
6,9,0,0,grid
3,1,0,5,column
20,4,0,0,grid
7,4,0,0,grid
7,1,0,1,pie
6,1,0,0,column
1,1,0,11,bar
642,1,0,6,line
30,4,0,1,bar
3,1,0,0,pie
4,1,0,4,column
8,1,0,2,line
32,0,0,4,line
12,1,0,2,pie
5,1,0,1,column
13,0,0,4,line
2,1,0,5,columnStacked
10,0,0,3,line
281,0,1,1,stockLine
7,1,0,1,columnPacked
3,2,0,1,line
1,1,0,4,bar
1,1,0,4,barStacked
1,1,0,7,column
6,2,0,1,columnPacked
6,1,0,2,barPacked
39,1,0,2,scatter
8,1,0,2,dualAxis
1,1,0,15,column
6,4,0,3,column
5,1,0,1,bar
2,2,0,0,columnPacked
4,1,0,8,columnStacked
16,1,0,2,grid
4,1,0,1,columnPacked
7,1,0,1,columnPacked
20,1,0,2,pyramid
38,1,0,4,line
9,1,0,3,column
2,1,0,2,pie
4,1,0,2,pie
5,1,0,2,bar
3,1,0,3,column
7,2,0,2,column
3,1,0,3,column
3,1,0,1,columnPacked
3,1,0,1,columnPacked
16,2,0,1,column
14,2,0,3,columnPacked
4,1,0,5,line
11,1,0,2,columnPacked
8,3,0,0,grid
71,0,0,4,line
10,1,0,4,line
23,1,0,1,line
3,1,0,5,columnStacked
1,1,0,18,line
1,2,0,8,column
19,0,0,1,line
4,1,0,0,column
12,1,0,0,columnPacked
23,0,0,4,line
8,1,0,1,column
13,0,0,0,columnPacked
8,1,0,1,column
4,1,0,1,column
2,1,0,0,column
54,0,0,1,line
5,1,0,0,columnPacked
5,1,0,1,pie
5,2,0,1,column
5,1,0,1,pie
2,1,0,0,pie
6,1,0,3,pie
3,1,0,0,pie
13,1,0,5,columnStacked
4,2,0,3,bar
7,1,0,1,columnPacked
10,1,0,2,grid
10,3,0,0,grid
10,1,0,1,grid
10,3,0,1,column
6,1,0,1,bar
286,0,1,1,stockLine
32,1,0,2,scatter
9,4,0,1,grid
55,0,0,3,line
55,0,0,3,lineStep
6,1,0,2,dualAxis
834,0,1,1,stockLine
12,2,0,2,areaStacked
32,1,0,2,scatter
282,0,1,1,stockLine
6,1,0,1,bar
19,1,0,1,grid
6,1,0,2,columnStacked
835,0,1,1,stockLine
282,0,1,1,stockLine
1,1,0,3,bar
1,1,0,2,bar
1,1,0,2,bar
2,1,0,7,column
2,1,0,7,column
2,1,0,7,column
2,1,0,7,column
2,1,0,7,column
2,1,0,7,column
2,1,0,7,column
2,1,0,7,column
2,1,0,7,column
2,1,0,7,column
2,1,0,7,column
19,3,0,3,columnStacked
19,2,0,3,columnStacked
5,1,0,2,columnPacked
78,2,0,3,line
1,1,0,5,column
10,1,0,1,column
54,0,0,2,dualAxis
14,1,0,1,bar
144,1,1,0,stockLine
23,1,0,2,barPacked
1,1,0,8,barStacked
1,1,0,10,barStacked
15,1,0,5,line
6,1,0,1,line
4,1,0,5,column
5,1,0,4,column
21,1,0,2,line
90,0,0,2,scatter
4,1,0,4,grid
96,0,1,2,line
12,1,0,4,column
20,1,0,1,bar
167,2,0,2,scatter
30,4,0,1,barStacked
2,1,0,10,column
8,9,0,2,line
17,1,0,2,columnPacked
5,1,0,0,pie
3,1,0,0,columnPacked
3,1,0,3,column
3,1,0,3,column
23,2,0,2,scatter
6,0,0,2,columnPacked
2,2,0,1,column
61,2,0,0,grid
9,1,0,3,bar
35,2,0,3,column
7,8,0,0,grid
105,1,1,2,line
3,1,0,3,column
5,3,0,0,grid
10,3,0,0,grid
3,8,0,0,grid
7,1,0,2,column
34,1,0,1,column
16,1,0,3,barStacked
7,1,0,1,columnPacked
53,0,0,5,line
3,2,0,1,donut
20,2,0,3,dualAxis
3,2,0,1,donut
19,0,0,2,column
16,0,0,3,dualAxis
4,1,0,7,columnStacked
2,1,0,1,pie
55,0,0,3,line
6,2,0,0,grid
11,2,0,0,grid
12865,0,1,1,stockLine
12,4,0,0,grid
10,2,0,0,grid
6,1,0,2,columnStacked
7,1,0,1,columnPacked
77,0,1,1,stockLine
8,1,0,1,column
13,1,0,3,bar
4,2,0,2,bar
1,1,0,2,bar
1,1,0,2,bar
30,1,0,3,line
12,1,0,2,dualAxis
6,1,0,3,bar
101,0,0,1,line
87,1,0,1,line
7,1,0,0,column
1,1,0,2,bar
1,1,0,3,bar
1,1,0,3,bar
1,1,0,3,bar
1,1,0,4,line
1,1,0,3,column
1,1,0,4,column
1,1,0,4,column
101,0,0,7,areaStacked
1,1,0,3,pie
1,1,0,5,bar
1169,0,0,8,spline
16,1,0,2,dualAxis
7,1,0,1,bar
4,8,0,7,barStacked
16,1,0,17,line
55,0,0,3,line
4,8,0,7,barStacked
2,1,0,11,line
3,1,0,11,line
34,1,0,7,column
7,1,0,2,columnPacked
1,1,0,3,column
1,1,0,2,column
4,1,0,2,columnPacked
1,1,0,3,pie
1,1,0,3,column
10,2,0,0,grid
10,2,0,0,grid
176,2,1,16,stockDualAxis
14,5,0,0,grid
6,1,0,4,areaStacked
1,1,0,4,column
1,1,0,6,pie
2,1,0,4,columnPacked
6,1,0,4,areaStacked
5,1,0,0,barStacked
38,1,0,0,columnPacked
38,1,0,3,columnPacked
38,1,0,1,columnPacked
49,1,0,1,columnPacked
6,2,0,2,columnPacked
3,1,0,0,columnPacked
3,1,0,3,columnPacked
5,1,0,10,columnStacked
2,1,0,4,line
9,1,0,1,column
6,0,0,3,line
6,0,0,3,line
6,0,0,4,line
9,1,0,2,pyramid
1,1,0,4,pie
16,1,0,2,barStacked
8,2,0,2,columnPacked
2,1,0,4,pyramid
5,1,0,10,line
115,0,0,0,line
4,1,0,4,pyramid
5,1,0,4,column
282,0,1,1,stockLine
847,0,1,1,stockLine
759,0,1,1,stockLine
655,0,1,1,stockLine
88,0,1,1,stockLine
2,1,0,1,pie
7,2,0,0,grid
13,2,0,0,grid
4,6,0,0,grid
8,5,0,0,grid
10,3,0,0,grid
6,1,0,5,dualAxis
8,1,0,2,line
16,1,0,1,bar
4,1,0,2,columnPacked
4,1,0,2,barStacked
54,0,1,4,stockLine
22,1,0,1,bar
10,0,0,7,columnStacked
2054,2,0,2,scatter
7,4,0,0,grid
5,1,0,11,areaStacked
5,4,0,0,grid
5,1,0,1,column
12,1,0,0,columnPacked
2,1,0,2,columnPacked
6,1,0,0,columnPacked
7,1,0,0,columnPacked
2,1,0,4,line
8,1,0,1,columnPacked
1,1,0,4,barPacked
10,1,0,1,barPacked
1,1,0,4,column
1,1,0,5,pie
18,1,0,3,barStacked
1,1,0,5,column
1,1,0,10,column
55,1,0,1,line
6,1,0,2,columnPacked
167,2,0,2,scatter
5,1,0,2,column
29,1,0,2,scatter
1,1,0,3,bar
1,1,0,2,bar
2,1,0,7,column
8,1,0,4,line
25,2,0,0,column
10,0,0,5,areaStacked
24,1,0,3,barStacked
6,1,0,0,column
7,1,0,1,pie
13,1,0,4,columnStacked
65,2,0,1,line
64,1,0,3,line
55,1,0,2,line
277,0,1,1,stockLine
9,1,0,4,line
48,1,0,0,line
12,1,0,0,line
41,2,0,0,areaStacked
5,1,0,10,line
7,1,0,0,spline
10,2,0,1,pie
64,1,0,3,line
7,2,0,2,columnPacked
29,1,0,1,barPacked
4,3,0,0,grid
5,3,0,4,pie
9,4,0,0,column
6,1,0,2,columnPacked
8,1,0,1,bar
2,1,0,1,pie
847,0,1,1,stockLine
36,1,0,2,columnStacked
9,1,0,1,line
2,3,0,0,grid
17,0,0,5,line
234,0,1,1,stockLine
54,0,1,4,stockLine
55,0,0,3,line
12,4,0,0,grid
55,0,0,4,dualAxis
5,6,0,1,grid
1,1,0,17,line
11,1,0,2,dualAxis
21,0,0,1,line
6,4,0,0,grid
5,2,0,0,grid
6,1,0,2,dualAxis
4,1,0,4,column
3679,0,1,0,stockArea
65,2,0,1,line
6,2,0,2,columnPacked
27,1,0,1,barStacked
34,2,0,3,columnStacked
4,1,0,4,column
4,1,0,17,pie
9,3,0,0,grid
4,1,0,4,scatter
1246,0,1,1,stockLine
4,1,0,4,line
16,1,0,6,dualAxis
4,6,0,0,grid
5,1,0,2,columnStacked
32,1,0,2,scatter
187,2,0,3,scatter
2,1,0,3,column
57,0,1,2,stockSpline
3,3,0,0,grid
187,2,0,3,scatter
187,2,0,3,scatter
28,0,1,1,spline
3,6,0,0,grid
1,1,0,3,column
18,1,0,2,columnPacked
5,4,0,0,grid
124,0,1,7,stockSpline
8,0,0,4,line
1,1,0,8,column
4,1,0,4,column
5,0,0,2,column
19,7,0,0,grid
5,5,0,0,grid
6,1,0,4,column
4,1,0,4,grid
5,1,0,1,column
4,1,0,4,column
8,2,0,0,grid
6,3,0,0,grid
11,1,0,1,line
3,1,0,1,bar
1,1,0,2,column
2,1,0,2,columnPacked
11,1,0,2,grid
32,2,0,3,bubble
21,4,0,0,grid
6,4,0,0,grid
3,1,0,2,columnPacked
1,1,0,4,column
1,1,0,4,column
1,1,0,4,column
1,1,0,2,column
1,1,0,4,column
1,1,0,3,column
1,1,0,3,column
1,1,0,4,column
1,1,0,2,column
2,1,0,2,columnPacked
57,0,0,3,line
12,0,0,0,line
6,1,0,2,column
10,1,0,1,barPacked
10,4,0,0,grid
12,0,0,0,line
5,1,0,2,column
77,0,0,2,line
6,1,0,0,columnPacked
27,1,0,2,barStacked
2,1,0,55,line
2,1,0,52,line
10,1,0,2,line
15,1,0,0,pyramid
10,1,0,4,line
1,1,0,10,bar
8,1,0,2,barPacked
2,1,0,2,column
2,1,0,2,column
7,1,0,1,columnPacked
7,1,0,1,columnPacked
1,1,0,12,pie
1,1,0,6,pie
47,3,0,2,columnPacked
35,1,0,1,barPacked
10,1,0,5,line
131,1,0,2,scatter
126,0,0,1,spline
12,0,0,6,areaStacked
4,1,0,12,bar
4,1,0,4,column
115,1,0,0,areaStacked
4,1,0,4,line
1,1,0,5,column
4,1,0,1,pie
4,1,0,0,pie
167,2,0,2,scatter
22,0,0,1,line
21,0,0,1,line
6,1,0,4,pie
3,1,0,3,columnPacked
13,1,0,2,pyramid
3,1,0,0,bar
9,1,0,0,barPacked
1,1,0,6,pie
4,1,0,4,grid
4,1,0,4,column
65,2,0,1,line
4,1,0,4,column
12,5,0,0,grid
28,4,0,0,grid
9,6,0,0,grid
5,1,0,4,pie
19,1,0,1,scatterLine
34,1,0,9,line
17,2,1,4,stockLine
4,1,0,2,pie
10,1,0,8,barStacked
14,1,0,2,bar
6,1,0,3,columnStacked
7,1,0,1,pie
122,0,1,1,column
452,0,1,2,stockLine
37,0,1,2,stockLine
9,2,0,2,line
7,1,0,1,columnPacked
2,1,0,5,column
10,1,0,1,bar
55,0,0,3,line
3,0,1,2,line
9,0,1,2,columnPacked
11,2,0,0,column
6,1,0,4,columnStacked
3,3,0,0,pie
7,1,0,1,columnPacked
2,1,0,1,pie
54,0,1,4,stockLine
10,2,0,1,columnPacked
54,0,1,4,stockLine
7,0,0,2,line
16,1,0,2,line
7,2,0,0,columnPacked
5,3,0,0,grid
4,1,0,7,columnStacked
318,0,2,1,stockLine
25,0,1,6,line
7,1,0,1,column
5,1,0,1,pie
30,4,0,0,grid
13,1,0,1,bar
9,2,0,0,grid
30,4,0,0,grid
14,8,0,0,grid
20,3,0,0,grid
3,1,0,0,columnPacked
3,1,0,1,column
3,1,0,0,columnStacked
2,1,0,0,pyramid
4,1,0,4,column
2,1,0,0,pie
10,1,0,0,pie
7,1,0,1,columnPacked
4,1,0,7,columnStacked
32,1,0,2,scatter
6,1,0,5,dualAxis
4,1,0,4,column
4,1,0,7,columnStacked
211,0,1,2,stockLine
10,0,1,5,stockColumn
41,0,1,2,stockLine
2,1,0,3,pie
6,4,0,0,dualAxis
3,1,0,1,column
6,4,0,0,dualAxis
1,1,0,8,bar
2,1,0,3,bar
54,0,0,0,line
6,2,0,2,columnPacked
141,0,0,0,stockLine
6,0,0,5,columnStacked
68,2,0,5,areaStacked
9,2,0,3,bar
19,7,0,0,grid
10,1,0,0,column
5,1,0,1,line
8,2,0,1,bar
21,1,0,1,bar
5,1,0,1,bar
13,1,0,1,line
5,1,0,3,bar
9,1,0,3,bar
2,1,0,4,pie
9,1,0,2,bar
141,0,0,11,line
4,1,0,0,barPacked
9,1,0,2,bar
10,2,0,2,grid
4,1,0,4,pie
18,2,0,3,line
11,1,0,1,column
17,1,0,1,bar
19,2,0,2,area
19,1,0,2,line
54,2,0,0,grid
50,2,0,0,grid
7,2,0,1,grid
5,1,0,3,line
22,1,0,7,grid
11,1,0,0,line
7,1,0,4,line
10,1,0,0,grid
10,1,0,2,grid
8,1,0,5,grid
9,1,0,2,column
5,1,0,3,columnPacked
4,1,0,4,dualAxis
29,1,0,1,line
20,1,0,1,bar
31,0,0,0,column
7,1,0,1,column
13,1,0,2,line
36,1,0,6,grid
4,1,0,2,column
4,1,0,4,column
6,7,0,0,grid
50,1,0,2,scatter
47,0,0,0,line
4,1,0,10,grid
13,1,0,1,bar
1,1,0,5,pie
50,1,0,2,scatter
4,1,0,2,column
50,1,0,2,scatter
50,1,0,2,scatter
50,1,0,2,scatter
38,1,0,2,scatter
6,1,0,2,column
100,1,0,2,scatter
4,1,0,2,column
47,0,0,0,line
4,1,0,0,column
6,1,0,1,line
12,1,0,2,bar
9,1,0,1,bar
5,4,0,0,grid
12,1,0,2,bar
21,0,0,0,line
12,1,0,6,grid
7,2,0,10,pie
70,0,1,2,stockLine
28,1,0,1,line
7,1,0,3,line
6,1,0,2,dualAxis
45,0,0,1,line
34,1,1,2,line
13,2,0,6,grid
17,1,1,4,line
18,0,0,4,line
14,1,0,2,scatterLine
7,1,0,2,scatterLine
24,1,0,1,grid
5,1,0,2,column
6,2,0,8,barStacked
67,0,0,2,area
10,1,0,4,column
36,1,0,2,dualAxis
4,1,0,3,column
70,0,1,2,stockLine
4,1,0,4,scatter
76,2,0,6,grid
11,1,0,1,column
18,4,0,0,grid
4,1,0,4,grid
73,7,0,0,line
18,3,0,0,grid
1,3,0,0,column
109,0,1,2,stockLine
7,3,0,0,grid
8,4,0,0,grid
5,4,0,0,grid
8,1,0,1,column
10,2,0,0,grid
11,4,0,0,grid
7,3,0,0,grid
22,1,0,3,column
1193,0,1,1,stockLine
10,2,0,0,grid
4,1,0,4,column
216,0,1,1,stockLine
4,1,0,4,column
4,1,0,4,column
100,1,0,0,column
18,1,0,2,pyramid
54,0,1,4,stockColumn
280,0,1,1,stockLine
48,1,0,0,line
7,2,0,0,grid
10,6,0,0,grid
14,3,0,0,grid
159,0,1,1,stockLine
4,1,0,4,column
11,1,0,2,bar
22,4,0,0,grid
6,1,0,1,pie
2,1,0,3,column
8,1,0,1,column
8,4,0,0,grid
4,1,0,4,column
4,1,0,4,column
4,1,0,4,line
8,1,0,1,pie
1,1,0,5,column
24,1,0,3,barStacked
3679,0,1,0,stockLine
5,1,0,0,columnPacked
68,1,0,2,line
7,1,0,5,line
7,1,0,6,columnPacked
337,0,1,3,dualAxis
4,1,0,3,pie
6,2,0,2,column
12,1,0,0,line
5,1,0,0,columnPacked
3,1,0,0,column
3,1,0,0,column
56,0,0,12,scatterLine
70,0,1,4,stockLine
186,0,1,2,scatterLine
277,0,1,1,stockLine
8,1,0,0,columnPacked
3679,0,1,9,stockLine
64,1,0,3,line
18,4,0,0,grid
9,1,0,0,columnPacked
10,1,0,2,columnPacked
3,1,0,1,pie
3,1,0,1,column
4,1,0,1,bar
4,1,0,1,bar
4,1,0,1,bar
8,1,0,1,pie
3,1,0,1,pie
5,1,0,1,pie
5,1,0,1,pie
2,1,0,6,columnStacked
6,1,0,1,line
6,1,0,1,column
55,0,1,2,line
6,2,0,3,column
3,2,0,1,donut
2,1,0,1,pie
18,1,0,2,pyramid
41,2,0,0,areaStacked
18,0,1,20,spline
4,1,0,7,columnStacked
6,2,0,4,column
7,1,0,5,column
4,2,0,0,grid
7,2,0,1,pie
4,1,0,10,column
5,1,0,4,area
55,0,0,3,line
8,3,0,0,grid
40,0,1,2,line
10,1,0,1,column
7,1,0,1,columnPacked
7,1,0,1,columnPacked
4,1,0,7,columnStacked
12,2,0,0,grid
3679,0,1,10,stockLine
7,1,0,1,columnPacked
4,2,0,0,column
4,2,0,0,columnPacked
7,1,0,1,column
6,1,0,4,columnStacked
7,1,0,1,columnPacked
5,2,0,0,grid
12,4,0,0,grid
24,1,0,3,line
15,1,0,2,bar
20,1,0,2,barPacked
24,1,0,1,area
14,0,0,5,line
35,1,0,4,line
36,1,0,2,line
5,1,0,0,columnPacked
75,0,1,4,stockLine
2,1,0,6,pie
1,1,0,11,bar
3,1,0,2,column
22,1,0,0,columnStacked
4,2,0,1,grid
18,1,0,0,barStacked
15,1,0,1,column
48,1,0,3,line
49,1,0,3,line
5,1,0,0,columnPacked
5,1,0,0,columnPacked
7,1,0,0,pie
100,1,0,0,column
10,4,0,0,grid
98,0,0,2,line
15,1,0,0,line
9,1,0,0,line
10,1,0,0,line
4,1,0,4,columnPacked
64,1,0,2,line
4,1,0,4,column
5,1,0,1,columnPacked
4,1,0,1,column
9,1,0,2,areaStacked
10,1,0,3,line
14,2,0,2,bar
10,4,0,0,grid
14,0,0,0,columnPacked
13,3,0,2,dualAxis
21,3,0,0,grid
56,1,0,1,line
30,1,0,2,barPacked
4,1,0,4,line
23,3,0,0,grid
7,1,0,1,columnPacked
100,0,0,100,scatter
7,1,1,3,lineStep
76,3,0,1,line
4,1,0,11,line
101,0,1,1,stockLine
7,1,0,1,columnPacked
6,1,0,4,column
36,1,0,5,line
18,1,0,2,areaStep
4,1,0,7,columnStacked
7,1,0,1,columnPacked
39,3,0,0,grid
55,0,0,3,line
10,1,0,10,grid
101,0,1,1,line
56,0,1,1,line
6,1,0,2,column
6,3,0,0,column
7,1,0,1,scatterLine
21,6,0,0,grid
116,4,0,3,line
31,0,1,0,stockLine
3,1,0,1,donut
6,1,0,5,dualAxis
10,1,0,1,line
6,1,0,2,barPacked
18,1,0,2,column
7,1,0,1,stockDualAxis
4,1,0,7,columnStacked
137,2,0,3,line
117,5,0,6,line
55,0,0,3,line
19,2,0,1,bar
9,1,0,1,barPacked
18,1,0,2,pyramid
7,2,0,0,grid
46,1,0,2,line
139,0,1,20,stockSpline
6,2,0,0,grid
4,1,0,6,columnStacked
44,1,0,2,scatter
23,1,0,1,columnPacked
6,1,0,2,barPacked
6,4,0,0,grid
11,0,0,4,line
10,1,0,1,pie
4,1,0,3,column
4,1,0,2,bar
7,2,0,1,bar
7,1,0,1,bar
101,0,1,1,stockColumn
3,1,0,1,pie
2,1,0,2,scatterLine
5,1,0,2,columnPacked
11,1,0,2,line
54,0,1,4,column
7,1,0,2,pie
7,1,0,1,columnPacked
3,1,0,3,barStacked
6,1,0,1,pie
9,1,0,3,dualAxis
8,1,0,4,line
5,2,0,0,grid
1,1,0,3,pie
32,0,1,1,line
7,1,0,1,columnPacked
835,0,1,1,line
6,1,0,0,grid
15,2,0,2,grid
24,1,0,1,bar
14,1,0,2,columnStacked
15,2,0,3,columnStacked
2,1,0,4,bar
19,1,0,1,pie
6,1,0,2,pie
13,1,0,1,bar
13,1,0,1,bar
13,1,0,1,bar
11,1,0,0,barPacked
5,1,0,1,column
6,1,0,4,grid
48,1,0,2,stockDualAxis
49,1,1,0,stockDualAxis
2,1,0,3,barPacked
8,1,0,5,line
12,1,0,1,line
4,1,0,4,line
12,1,0,2,bar
12,1,0,3,bar
7,1,0,2,column
56,1,0,2,line
31,0,1,5,stockLine
31,0,1,0,stockLine
31,0,1,0,stockLine
31,0,1,0,stockLine
7,1,0,3,line
9,1,0,2,barPacked
7,1,0,6,columnPacked
58,0,1,3,line
4,1,0,0,pie
4,1,0,4,area
21,1,0,2,barPacked
6,1,0,1,barPacked
14,1,0,3,columnStacked
4,1,0,3,dualAxis
15,2,0,2,pyramid
15,2,0,2,pyramid
56,0,0,3,line
11,0,0,5,line
11,1,0,5,line
9,1,0,4,line
54,0,0,2,dualAxis
1,1,0,2,pie
42,1,0,1,line
47,0,0,0,stockArea
26,1,0,2,line
2,1,0,2,pie
2,1,0,2,pie
75,1,1,1,stockLine
4,1,0,3,barStacked
5,1,0,3,barStacked
20,1,0,1,bar
10,1,0,0,column
20,1,0,1,barPacked
29,2,0,3,barStacked
5,1,0,3,column
12,1,0,2,barPacked
320,0,1,2,stockLine
11,1,0,2,barPacked
2,1,0,4,column
19,1,0,2,line
11,1,0,1,pie
5,1,0,1,column
56,1,0,1,line
4,1,0,0,column
146,1,0,2,scatter
9,1,0,3,bar
32,3,0,3,grid
6,1,0,3,column
13,2,0,4,columnStacked
28,5,0,0,grid
7,4,0,0,grid
282,0,1,6,stockLine
18,4,0,0,grid
6,8,0,0,grid
3679,0,1,9,stockLine
22,5,0,0,grid
27,1,0,1,bar
30,1,0,1,column
17,1,0,1,column
34,1,0,0,column
30,1,0,1,line
28,1,0,0,line
10,1,0,3,columnStacked
1169,0,0,8,spline
4,11,0,1,grid
9,1,0,29,spline
6,2,0,1,bar
24,3,0,0,grid
25,2,0,1,barPacked
7,2,0,4,bar
10,1,0,2,bar
10,1,0,1,bar
3,1,0,1,bar
5,1,0,1,bar
7,6,0,0,grid
28,5,0,0,grid
7,6,0,0,grid
9,1,0,3,bar
5,1,0,3,columnPacked
13,4,0,0,grid
10,8,0,0,grid
167,2,0,2,scatter
8,1,0,8,dualAxis
2,11,0,0,line
13,0,1,2,line
7,3,0,0,grid
5,4,0,0,grid
3,1,0,3,column
3679,0,1,0,stockLine
8,2,0,2,pie
2,2,0,2,pie
17,1,0,3,grid
11,1,0,1,pie
5,2,0,1,pie
4,1,0,1,column
4,1,0,0,spline
4,1,0,4,area
10,0,0,5,areaStacked
6,4,0,0,grid
8,1,0,2,line
6,4,0,0,grid
76,0,1,2,stockDualAxis
69,0,0,2,area
45,0,1,1,stockDualAxis
167,2,0,2,scatter
11,2,0,7,line
6,1,0,2,line
6,1,0,2,line
7,1,0,1,columnPacked
6,4,0,3,column
4,1,0,7,columnStacked
3,0,0,3,column
11,2,0,4,barStacked
38,0,0,3,line
5,1,0,2,barStacked
57,0,0,3,dualAxis
3,2,0,1,columnPacked
10,1,0,2,line
31,0,0,6,line
59,1,0,1,column
7,1,0,1,bar
55,0,0,3,line
22,0,0,2,line
5,1,0,1,columnPacked
4,1,0,3,column
10,3,0,0,grid
9,1,0,3,bar
11,1,0,1,pie
4,1,0,4,areaStacked
11,1,0,2,dualAxis
4,1,0,4,column
2,1,0,5,columnStacked
5,1,0,1,column
1,1,0,4,column
5,1,0,3,column
12,5,0,0,grid
366,0,1,0,area
4,1,0,4,dualAxis
6,0,0,3,line
4,1,0,1,pie
167,2,0,2,scatter
8,1,0,6,line
9,1,0,2,dualAxis
3,1,0,1,pie
6,1,0,2,pie
5,1,0,0,line
8,1,0,0,columnPacked
5,1,0,0,barStacked
1,1,0,5,bar
54,0,0,2,line
8,1,0,2,columnPacked
7,2,0,0,pie
4,1,0,0,pie
3,1,0,3,columnPacked
4,1,0,2,columnPacked
6,1,0,5,line
4,1,0,3,line
3,1,0,4,line
5,1,0,2,columnPacked
3,1,0,0,pie
62,0,0,16,line
5,1,0,1,column
8,3,0,0,grid
4,1,0,2,columnPacked
2,1,0,4,pie
5,1,0,0,columnPacked
2,11,0,0,line
6,1,0,0,column
14,1,0,2,column
2,1,0,4,barPacked
7,1,0,1,column
4,1,0,0,line
4,0,0,1,column
5,0,0,0,column
8,1,0,0,column
47,5,0,0,line
47,5,0,0,line
5,1,0,1,pie
56,0,0,9,line
3,1,0,1,barPacked
56,0,0,9,line
2,1,0,0,pie
2,1,0,0,pie
6,1,0,3,pie
4,1,0,0,pie
10,2,0,1,column
9,2,0,1,column
4,1,0,1,pie
17,1,0,1,bar
17,1,0,3,line
2,1,0,13,columnPacked
8213,0,1,1,stockArea
54,0,1,4,line
7,1,0,1,bar
55,0,0,3,line
3,1,0,9,bar
4,2,0,16,line
4,1,0,1,column
17,1,0,19,line
7,1,0,2,column
3,1,0,2,column
1,1,0,6,column
3,1,0,2,column
3,1,0,1,columnPacked
2,1,0,1,pie
14,0,0,3,line
5,1,0,2,columnPacked
5,1,0,8,columnStacked
18,1,0,2,line
55,0,0,3,line
4,1,0,0,column
5,1,0,0,line
3,2,0,2,columnPacked
28,0,0,2,line
3,2,0,2,columnPacked
2,1,0,2,columnPacked
101,1,0,1,line
6,1,0,2,columnPacked
64,1,0,0,line
4,1,0,2,columnPacked
5,1,0,1,columnPacked
14,1,0,3,line
4,1,0,3,columnPacked
7,2,0,0,columnPacked
2,1,0,4,columnPacked
2,1,0,0,column
47040,1,0,0,column
5,1,0,0,pie
6,0,0,0,column
3,1,0,0,bar
28,10,0,0,grid
30,1,0,1,barStacked
30,5,0,1,grid
15,6,0,0,grid
4,1,0,4,column
5,1,0,2,columnPacked
70,0,1,0,stockLine
28,2,0,1,bar
5,1,0,2,bar
5,6,0,0,grid
4,1,0,2,columnPacked
8,3,0,2,dualAxis
24,0,1,3,line
4,1,0,2,pyramid
20,2,0,1,dualAxis
4,1,0,4,column
4,1,0,2,column
100,1,0,0,stockDualAxis
25,3,0,0,grid
4,1,0,50,grid
7,1,0,3,pie
9,1,0,0,barPacked
4,1,0,4,grid
4,2,0,2,bar
4,2,0,3,bar
9,1,0,1,grid
7,1,0,1,columnPacked
3,1,0,9,column
10,1,0,1,grid
7,1,0,1,columnPacked
32,4,0,8,scatter
9,1,0,4,columnStacked
7,1,0,1,column
2579,4,0,4,scatter
2,1,0,1,stockLine
282,0,1,2,stockLine
70,0,1,2,stockLine
4,3,0,0,grid
17,2,0,1,grid
6,8,0,0,grid
8,5,0,0,grid
41,4,0,0,grid
282,0,1,1,stockLine
847,0,1,1,stockLine
1,1,0,3,bar
1,1,0,3,bar
1,1,0,2,bar
2,1,0,7,column
2,1,0,7,column
2,1,0,7,column
2,1,0,7,column
2,1,0,7,column
2,1,0,7,column
2,1,0,7,column
2,1,0,7,column
2,1,0,7,column
2,1,0,7,column
2,1,0,7,column
3,1,0,1,column
3,1,0,1,column
16,6,0,0,grid
3,1,0,1,column
5,0,0,2,column
12,1,0,0,stockColumn
3,1,0,3,barStacked
7,2,0,2,pie
1,1,0,2,column
2,1,0,1,pie
197,0,0,7,line
54,0,1,4,spline
2,1,0,1,pie
3,1,0,3,column
32,1,0,2,scatter
31,1,0,2,line
10,2,0,0,grid
5,2,0,0,grid
12,2,0,0,grid
9,2,0,0,grid
4,2,0,2,bar
98,0,1,3,stockLine
30,0,1,0,stockLine
4,1,0,6,spline
10,1,0,1,line
96,0,0,2,line
13,1,0,1,column
2,1,0,6,line
1,1,0,2,bar
1,1,0,3,bar
1,1,0,3,bar
1,1,0,3,bar
4,2,0,3,bar
4,2,0,3,bar
1,1,0,3,bar
282,0,1,1,stockLine
566,0,1,1,stockLine
7,1,0,1,columnPacked
88,0,1,1,stockLine
205,0,1,1,stockLine
6,1,0,1,columnPacked
43,0,0,7,line
7,1,0,2,bubble
1,44,0,14,line
32,1,0,2,scatter
18,2,0,0,columnStacked
54,0,1,4,stockLine
14,5,0,0,grid
3,1,0,9,scatterLine
1,1,0,3,columnStacked
11,1,0,1,pie
10,1,0,1,column
17,1,0,1,line
4,1,0,0,pie
11,1,0,2,areaStacked
5,1,0,0,columnPacked
6,1,0,1,pie
5,1,0,0,column
2,1,0,5,columnStacked
7,1,0,2,columnPacked
3,1,0,3,columnPacked
9,1,0,3,line
10,1,0,0,barPacked
7,1,0,0,columnPacked
12,5,0,0,grid
2,1,0,2,line
35,1,0,1,barPacked
10,1,0,1,barPacked
4,1,0,2,barPacked
7,1,0,1,line
3,1,0,0,column
77,0,1,1,stockLine
4,1,0,4,column
100,0,0,0,stockLine
30,0,1,0,stockLine
3,1,0,31,line
15,1,0,2,area
3,1,0,2,pyramid
8,2,0,2,columnPacked
28,1,0,3,line
50,0,0,2,line
11,1,0,3,line
366,0,1,0,area
26,1,0,0,dualAxis
13,1,0,1,column
6,1,0,2,dualAxis
3,1,0,4,columnPacked
10,1,0,2,column
5,1,0,2,columnPacked
5,2,0,0,grid
5,3,0,0,grid
3,1,0,2,columnPacked
8,3,0,0,columnPacked
65,0,1,1,stockLine
2,1,0,1,pie
18,4,0,0,grid
5,1,0,5,barStacked
13,1,0,1,column
5,1,0,2,scatterLine
1,1,0,7,column
17,0,0,5,line
13,1,0,9,columnStacked
15,1,0,3,line
10,1,0,2,dualAxis
5,1,0,4,scatterLine
10,1,0,1,column
10,19,0,0,grid
55,0,0,3,line
32,4,0,2,stockSpline
22,1,0,1,pie
1,1,0,5,column
5,6,0,1,pie
55,0,0,3,line
2,1,0,1,pie
20,1,0,2,pyramid
7,1,0,1,columnPacked
7,6,0,0,grid
32,1,0,2,scatter
7,1,0,1,columnPacked
7,1,0,1,columnPacked
944,0,1,1,column
1,1,0,4,column
1,1,0,4,column
2,1,0,2,columnPacked
4,1,0,2,columnPacked
10,2,0,0,grid
8,1,0,0,pyramid
4,1,0,3,barPacked
3,1,0,3,columnPacked
11,1,0,6,pyramid
11,1,0,6,pyramid
11,1,0,1,column
5,1,0,3,columnStacked
22,3,0,2,barPacked
8,1,0,1,column
10,5,0,0,grid
30,4,0,1,barStacked
5,0,0,4,line
5,0,0,5,line
6,0,0,2,line
1,1,0,3,pie
5,2,0,2,columnStacked
5,1,0,66,areaStacked
1,1,0,11,bar
115,0,0,0,line
18,3,0,4,grid
4,2,0,0,grid
331,0,1,1,stockLine
8,0,0,7,grid
8,1,0,6,grid
11,4,0,0,grid
43,1,1,2,stockColumn
7,0,0,2,line
11,0,0,2,line
4,1,0,4,area
4,1,0,5,line
5,2,0,0,pie
6,1,0,4,column
4,1,0,4,column
7,1,0,1,pie
4,1,0,4,column
70,0,1,2,stockLine
4,1,0,1,bar
7,4,0,0,grid
4,1,0,1,bar
7,1,0,1,area
5,1,0,4,column
4,1,0,2,column
1,1,0,5,column
1,1,0,2,column
1,1,0,2,column
1,1,0,3,column
10,1,0,1,pie
1,1,0,2,column
1,1,0,3,column
1,1,0,8,column
1,1,0,2,column
1,1,0,2,column
7,1,0,1,columnPacked
1,1,0,6,column
14,0,0,0,line
10,1,0,0,barPacked
12,0,0,1,line
21,1,0,1,line
7,1,0,1,column
2,1,0,0,line
6,1,0,0,columnPacked
3,1,0,31,line
3,1,0,3,line
9,1,0,55,line
8,3,0,0,columnPacked
5,4,0,0,grid
10,1,0,2,columnPacked
10,1,0,2,columnPacked
23,1,0,3,line
8,1,0,3,barStacked
9,1,0,1,columnPacked
1,1,0,6,pie
1,1,0,12,pie
21,1,0,23,line
42,2,0,0,line
6,1,0,0,column
120,2,0,5,line
21,1,0,2,barStacked
6,1,0,2,line
43,0,0,5,line
12,4,0,0,grid
15,1,0,3,line
6,1,0,2,column
8,1,0,2,bar
3,2,0,1,donut
2,1,0,1,donut
401,4,0,2,scatter
16,0,0,2,line
11,1,0,1,column
57,0,1,2,stockSpline
6,3,0,0,grid
69,0,0,4,line
4,1,0,4,column
1,1,0,5,column
7,2,0,2,column
7,0,0,0,bar
7,1,0,1,bar
6,0,0,2,line
14,1,0,1,columnPacked
2,1,0,6,pie
114,0,1,1,columnStacked
204,0,1,1,column
5,3,0,0,grid
14,4,0,0,grid
27,3,0,1,line
4,1,0,2,pie
12,1,0,2,area
5,1,0,2,columnPacked
5,0,0,4,line
5,0,0,4,line
3,2,0,3,column
67,2,0,0,line
167,2,0,2,line
24,2,0,0,columnStacked
11,1,0,2,grid
25,1,0,3,column
2,1,0,4,bar
20,1,0,1,bar
4,2,0,0,grid
11,1,0,6,pyramid
4,1,0,4,stockLine
3,1,0,0,column
7,2,0,0,line
4,1,0,4,column
23,1,0,1,bar
26,1,0,0,columnStacked
17,1,0,0,areaStacked
17,1,0,0,areaStacked
6,1,0,1,column
2,1,0,0,pie
1,0,0,51,line
4,1,0,4,dualAxis
4,1,0,4,line
5,1,0,2,pie
4,1,0,4,column
4,1,0,4,column
4,1,0,4,area
12,4,0,0,grid
8,3,0,0,grid
65,2,0,1,line
4,2,0,0,grid
75,4,1,0,stockLine
4,1,0,4,column
26,3,0,0,grid
24,5,0,0,grid
4,3,0,7,column
75,3,1,0,stockLine
27,5,0,0,grid
1,2,0,0,grid
13,7,0,0,grid
87,0,1,2,stockLine
5,1,0,1,bar
6,1,0,1,bar
7,1,0,1,pie
4,1,0,1,pie
4,1,0,1,pie
6,1,0,1,column
8,1,0,1,bar
11,1,0,2,column
19,7,0,0,grid
7,6,0,0,grid
4,1,0,4,scatter
8,1,0,1,bar
12,1,0,2,column
2,1,0,3,column
4,1,0,2,bar
12,3,0,0,grid
5,2,0,4,column
11,3,0,0,grid
4,1,0,4,column
54,0,1,4,stockLine
55,0,0,3,line
32,1,0,3,scatter
11,1,0,1,line
114,1,0,1,line
153,0,0,1,line
167,1,0,2,scatter
15,1,0,1,line
55,0,0,2,dualAxis
6,1,0,0,column
61,2,0,9,grid
12,0,0,7,areaStacked
2527,2,0,0,line
2532,0,1,1,stockLine
2,1,0,3,pie
23,0,0,2,line
170,0,1,1,stockLine
6,1,0,5,spline
4,1,0,4,column
3679,0,1,0,scatter
4,1,0,4,column
11,4,0,0,grid
4,1,0,4,column
8,4,0,0,grid
6,4,0,0,grid
5,5,0,0,grid
7,1,0,1,pie
5,4,0,0,grid
12,3,0,5,grid
141,0,0,11,line
50,1,0,2,scatter
4,1,0,4,columnStacked
5,1,0,4,column
13,1,0,1,bar
50,1,0,2,scatter
50,1,0,2,scatter
52,1,0,2,scatter
50,1,0,2,scatter
50,1,0,2,scatter
38,1,0,2,scatter
38,1,0,2,scatter
5,1,0,2,column
4,1,0,4,column
50,1,0,2,scatter
10,1,0,0,bar
15,1,0,0,bar
12,1,0,1,column
10,1,0,1,column
4,1,0,4,column
11,1,0,5,grid
7,2,0,0,grid
16,1,0,1,spline
4,2,0,0,column
7,1,0,2,column
4,1,0,5,pie
3,1,0,3,area
7,2,0,1,columnPacked
3679,0,1,10,stockLine
211,0,2,4,stockLine
7,0,0,2,line
8,2,0,2,pie
324,0,1,2,stockLine
6,3,0,0,columnPacked
25,3,0,0,grid
12,3,0,0,grid
7,1,0,1,columnPacked
2,1,0,1,pie
4,1,0,7,columnStacked
38,0,1,6,line
65,0,1,5,stockLine
21,1,0,0,barStacked
17,1,0,1,bar
4,1,0,2,pie
28,1,0,2,columnStacked
14,1,0,2,bar
19,1,0,2,bar
9,1,0,1,column
2,1,0,6,pie
3,2,0,7,pie
4,1,0,4,column
22,1,0,1,line
12,1,0,1,spline
111,0,1,0,stockSpline
10,1,0,1,lineStep
10,1,0,1,line
23,1,0,2,line
43,1,1,0,stockColumn
6,1,0,3,column
21,1,0,0,bar
6,0,2,0,line
4,1,0,5,pyramid
16,3,0,0,grid
3,2,0,0,grid
4,1,0,4,column
9,1,0,2,line
4,1,0,4,line
5,4,0,0,grid
4,1,0,4,column
5,1,0,6,barStacked
54,0,1,4,stockSpline
1,1,0,5,bar
8,4,0,0,grid
133,0,1,1,stockLine
11,1,0,2,column
4,1,0,4,area
2,1,0,15,column
7,1,0,3,line
5,1,0,1,column
19,1,0,3,barStacked
1,1,0,3,column
7,2,0,1,line
10,1,0,4,grid
13,1,0,4,barStacked
4,1,0,4,grid
56,0,0,1,line
16,1,0,1,bar
42,0,0,0,areaStep
4,1,0,4,line
20,1,0,3,line
24,8,0,0,grid
11,1,0,1,column
6,1,0,2,dualAxis
4,1,0,4,column
4,1,0,4,column
60,1,0,0,bar
4,1,0,4,column
5,1,0,0,columnStacked
5,1,0,0,columnPacked
14,1,0,0,bar
22,1,0,1,bar
5,1,0,1,bar
47,1,0,0,line
4,1,0,0,column
8,1,0,1,bar
5,1,0,1,barPacked
8,1,0,2,pie
4,1,0,0,column
22,1,0,0,grid
7,2,0,0,grid
16,3,0,0,columnPacked
1241,0,1,2,stockLine
7,1,0,1,bar
16,1,0,2,grid
3679,0,1,10,stockLine
18,1,0,2,pyramid
6,1,0,4,areaStep
42,0,1,2,stockLine
20,3,0,0,pyramid
12,9,0,0,grid
24,1,0,3,barStacked
19,2,1,1,stockDualAxis
67,2,0,0,line
8,1,0,0,barPacked
6,1,0,1,line
5,1,0,0,columnPacked
2,1,0,0,columnPacked
13,5,0,7,line
14,2,0,2,bar
10,1,0,8,barStacked
2,1,0,0,column
4,1,0,0,column
4,1,0,0,column
1241,0,1,2,stockLine
1242,0,1,1,stockLine
324,0,1,1,stockLine
24,1,0,3,line
5,2,0,2,bar
5,7,0,0,grid
64,1,0,3,line
4,1,0,4,line
1,1,0,5,column
9,2,0,0,columnPacked
6,1,0,1,column
8,1,0,1,column
2,1,0,1,pie
5,1,0,1,pie
5,1,0,1,pie
10,0,0,4,line
4,1,0,3,pyramid
54,0,1,4,stockLine
41,1,2,0,scatterLine
7,1,0,1,columnPacked
55,0,0,3,line
55,0,0,3,line
55,0,0,3,line
3679,0,1,10,stockArea
3679,0,1,10,stockArea
7,1,0,1,bar
3,2,0,1,donut
10,1,0,1,grid
13,1,0,2,line
7,1,0,1,bar
250,0,1,4,stockLine
55,0,0,3,columnStacked
55,0,0,3,line
4,1,0,7,columnStacked
7,1,0,1,barStacked
6,1,0,1,scatter
36,1,0,0,line
4,1,0,4,column
13,1,0,2,pyramid
108,0,1,1,stockColumn
45,4,0,1,grid
12,1,0,0,line
8,2,0,0,line
284,0,1,1,stockLine
41,1,0,3,line
331,0,1,2,dualAxis
3,1,0,0,columnPacked
1241,0,1,2,stockLine
4,1,0,4,column
3,1,0,0,dualAxis
3,2,0,0,columnStacked
3,1,0,5,pie
18,1,0,0,barStacked
1,1,0,3,columnPacked
46,1,0,3,line
2,1,0,2,pie
26,1,0,1,bar
4,1,0,1,pie
5,1,0,1,pie
61,1,0,2,columnPacked
14,2,0,1,grid
4,1,0,2,line
2,1,0,5,pie
2,1,0,2,columnPacked
6,1,0,4,bar
12,1,0,2,area
18,1,0,2,scatter
5,1,0,2,pie
1,1,0,5,pie
67,0,1,1,stockLine
27,1,0,1,line
26,1,0,0,line
4,1,0,4,grid
98,0,1,3,stockLine
15,1,0,2,barStacked
9,1,0,3,barStacked
5,1,0,1,pie
5,1,0,0,columnPacked
69,0,1,2,stockLine
12,1,0,3,bar
4,3,0,3,bar
12,2,0,1,pie
32,2,0,1,bar
45,4,0,1,grid
20,2,0,1,column
76,2,0,6,grid
2,1,0,4,line
15,1,0,3,barStacked
5,1,0,2,columnPacked
4,1,0,7,columnStacked
57,0,1,2,stockLine
8,5,0,0,grid
16,1,0,1,column
3,1,0,2,bar
7,1,0,4,columnPacked
4,1,0,1,column
37,4,0,1,bar
18,2,0,5,grid
320,0,1,2,stockLine
25,1,0,1,bar
37,3,0,1,bar
25,2,0,4,grid
4,1,0,2,columnPacked
4,1,0,7,columnStacked
40,2,0,3,barStacked
21,1,0,0,line
324,0,1,2,stockLine
324,0,1,2,stockLine
34,2,0,4,line
1,1,0,5,pie
54,1,0,5,line
4,1,0,3,barStacked
11,1,0,2,line
12,2,0,1,barPacked
3,1,0,3,bar
12,1,0,3,column
77,0,1,1,stockLine
186,0,1,2,scatterLine
30,4,0,1,barStacked
12,1,0,2,barPacked
11,1,0,2,barPacked
8,1,0,2,pie
3,1,0,2,pyramid
3,1,0,2,pyramid
69,1,0,2,area
22,1,0,2,line
67,0,1,1,stockLine
101,0,1,1,stockLine
7,1,0,1,bar
18,1,0,2,columnStacked
101,0,1,1,stockLine
6,1,0,1,column
3,1,0,1,spline
16,1,0,2,grid
8,2,0,2,columnPacked
36,3,0,3,areaStep
39,3,0,0,grid
21,0,1,3,line
29,0,1,2,line
6,1,0,5,dualAxis
55,0,0,3,line
7,1,0,1,bar
55,0,0,3,line
7,1,0,1,columnPacked
2,5,0,0,grid
4,1,0,2,columnPacked
55,0,0,3,line
15,1,0,1,column
5,1,0,1,column
14,1,0,3,barPacked
5,1,0,8,barPacked
23,1,0,2,barPacked
23,1,0,2,barPacked
12,1,0,4,line
32,1,0,0,line
21,2,0,0,grid
9,1,0,2,column
5,1,0,3,column
7,1,0,3,barStacked
4,1,0,4,columnPacked
25,0,0,4,line
52,1,0,0,donut
15,2,0,2,pyramid
15,2,0,2,pyramid
8,1,0,4,columnStacked
11,0,0,5,line
4,1,0,4,columnPacked
25,1,0,2,pyramid
6,2,0,1,columnPacked
1,1,0,1,pie
101,0,1,1,scatter
1,1,0,3,pie
1,1,0,3,pie
26,1,0,5,line
46,1,0,2,line
13,1,0,2,barStacked
2,1,0,1,columnPacked
11,0,0,7,line
8,1,0,1,columnPacked
6,2,0,1,columnPacked
7,1,0,3,column
30,1,0,2,area
26,1,0,0,dualAxis
14,1,0,0,line
26,1,0,0,column
4,1,0,1,column
26,3,0,0,grid
21,3,0,0,grid
12,1,0,1,grid
67,1,0,2,line
10,0,0,2,line
6,2,0,0,grid
31,1,0,2,bar
5,1,0,1,column
5,1,0,1,column
12,9,0,0,grid
6,4,0,0,grid
22,5,0,0,grid
32,1,0,4,line
55,1,0,2,line
36,1,0,1,line
9,1,0,1,pie
30,1,0,3,line
847,0,1,2,stockLine
2376,0,1,3,stockLine
30,5,0,1,grid
14,0,0,0,line
5,1,0,2,line
21,1,0,4,line
31,5,0,0,grid
3,1,0,1,bar
9,1,0,2,barPacked
4,1,0,4,column
6,4,0,0,grid
21,2,0,3,line
50,1,0,0,column
111,0,0,4,line
55,0,0,2,dualAxis
50,1,0,1,column
21,4,0,0,grid
195,0,0,0,line
4,1,0,6,line
12,9,0,0,grid
21,2,0,3,line
9,1,0,29,line
3,1,0,5,column
72,1,0,0,line
117,1,0,1,line
9,1,0,2,line
72,1,0,0,line
6,8,0,0,grid
32,1,0,1,bar
10,4,0,0,grid
6,1,0,3,column
6,4,0,0,grid
6,4,0,0,grid
5,2,0,0,grid
3,1,0,2,bar
